c1,c2,acc,s1,s2,nq_mean,nq_std,maxdepth,nest,run
0.9900000000000002,0.9900000000000002,0.9654724253649443,0.9421428571428568,0.918333333333333,48.932203389830505,4.725927069951141,13,10,0
0.9900000000000002,0.9900000000000002,0.9693734620405172,0.9421428571428568,0.9459999999999997,49.440677966101696,4.311086167909617,14,10,0
0.9900000000000002,0.9900000000000002,0.9710883678830172,0.9459999999999997,0.9523529411764703,48.720338983050844,4.722620633483316,15,10,0
0.9900000000000002,0.9900000000000002,0.9642341666237397,0.9459999999999997,0.9035448916408666,48.97457627118644,3.832204889091829,16,10,0
0.9900000000000002,0.9900000000000002,0.972242224077233,1.0,0.872105263157894,51.144067796610166,3.798472984286287,13,11,0
0.9900000000000002,0.9900000000000002,0.9704671438091041,0.9459999999999997,0.9478074866310159,50.75423728813559,3.815526799441155,14,11,0
0.9900000000000002,0.9900000000000002,0.9698404574621227,0.9421428571428568,0.9493749999999997,51.016949152542374,3.633607375148913,15,11,0
0.9900000000000002,0.9900000000000002,0.9710883678830172,0.9459999999999997,0.9523529411764703,50.8728813559322,4.219700788993865,16,11,0
0.9900000000000002,0.9900000000000002,0.9574537230272075,0.9213235294117645,0.8973333333333331,51.771186440677965,3.5520607934682236,13,12,0
0.9900000000000002,0.9900000000000002,0.9615823227676195,0.9333333333333333,0.9056892230576439,51.73728813559322,3.2558369126422226,14,12,0
0.9900000000000002,0.9900000000000002,0.9511890170877269,0.8876785714285711,0.9099090909090907,50.440677966101696,3.5091704869475433,15,12,0
0.9900000000000002,0.9500000000000002,0.9334045888145548,0.8949836601307186,0.9419736842105255,51.02542372881356,3.3609468611545674,16,12,0
0.9900000000000002,0.9900000000000002,0.9640229070552815,0.9354199134199134,0.9189999999999996,52.80508474576271,3.437723119603358,13,13,0
0.9500000000000002,0.9900000000000002,0.9545864558038843,0.9923076923076918,0.9141071428571427,51.898305084745765,3.4182705273937457,14,13,0
0.9800000000000002,0.9900000000000002,0.9484293697957016,0.8890434891905475,0.9228571428571425,53.16101694915254,3.2363673373221413,15,13,0
0.9900000000000002,0.9900000000000002,0.9654615057381513,0.9421428571428568,0.9182571428571425,52.44915254237288,3.5381635033913885,16,13,0
0.9500000000000002,0.9900000000000002,0.9581758859243495,0.9899999999999993,0.9494517543859649,52.92372881355932,3.522703073409263,13,14,0
0.9900000000000002,0.9900000000000002,0.9678034786005543,0.9318303571428571,0.9510513833992095,53.16101694915254,3.267638806935993,14,14,0
0.9900000000000002,0.9900000000000002,0.9627113395432956,0.9103809523809522,0.9492796529366895,53.0,3.456754625710781,15,14,0
0.9900000000000002,0.9900000000000002,0.9659801723080528,0.9240384615384614,0.9504523809523809,53.813559322033896,3.143325326924923,16,14,0
0.9500000000000002,0.9900000000000002,0.9364583047321635,0.9396139705882349,0.8649999999999993,53.186440677966104,3.329246752855089,13,15,0
0.9900000000000002,0.9900000000000002,0.9428817472519175,0.8897499999999997,0.8563636363636359,54.75423728813559,2.942777543836418,14,15,0
0.9900000000000002,0.9900000000000002,0.9597916217433717,0.9206249999999999,0.9138095238095236,53.82203389830509,2.682748893573446,15,15,0
0.9900000000000002,0.9900000000000002,0.9326905355736838,0.8503846153846151,0.8583333333333328,53.440677966101696,3.305215121287733,16,15,0
0.9900000000000002,0.9900000000000002,0.9654724253649443,0.9421428571428568,0.918333333333333,48.932203389830505,4.725927069951141,13,10,1
0.9900000000000002,0.9900000000000002,0.9693734620405172,0.9421428571428568,0.9459999999999997,49.440677966101696,4.311086167909617,14,10,1
0.9900000000000002,0.9900000000000002,0.9710883678830172,0.9459999999999997,0.9523529411764703,48.720338983050844,4.722620633483316,15,10,1
0.9900000000000002,0.9900000000000002,0.9642341666237397,0.9459999999999997,0.9035448916408666,48.97457627118644,3.832204889091829,16,10,1
0.9900000000000002,0.9900000000000002,0.9804461197729938,1.0,0.937111111111111,49.86440677966102,4.414758096982132,13,11,1
0.9900000000000002,0.9900000000000002,0.9756964432494983,1.0,0.8987499999999995,49.54237288135593,4.3289409747251595,14,11,1
0.9900000000000002,0.9900000000000002,0.9791426842456612,1.0,0.926363636363636,51.40677966101695,4.359360254992315,15,11,1
0.9900000000000002,0.9900000000000002,0.9828436072628441,1.0,0.9573684210526313,49.52542372881356,4.6078633314662065,16,11,1
0.9900000000000002,0.9900000000000002,0.9631427173793743,0.9168684210526312,0.9421428571428568,52.79661016949152,3.521265474647918,13,12,1
0.9900000000000002,0.9900000000000002,0.966617937800756,0.9421428571428568,0.926363636363636,52.33898305084746,3.622482384612984,14,12,1
0.9900000000000002,0.9900000000000002,0.9525040808849194,0.9094656432748535,0.8842857142857137,52.720338983050844,3.859581063637011,15,12,1
0.9900000000000002,0.9900000000000002,0.964139228217743,0.9393650793650792,0.9135203007518795,52.76271186440678,3.797139793567408,16,12,1
0.9900000000000002,0.9900000000000002,0.960922087730504,0.9459999999999997,0.8809090909090905,52.07627118644068,3.9555941499350373,13,13,1
0.9900000000000002,0.9900000000000002,0.9490244733430735,0.9421428571428568,0.8099999999999993,52.220338983050844,4.438154283529645,14,13,1
0.9900000000000002,0.9900000000000002,0.9550190547213736,0.9421428571428568,0.8481406948744404,53.07627118644068,3.7374802979153445,15,13,1
0.9900000000000002,0.9900000000000002,0.9651898207300044,0.9421428571428568,0.9163636363636362,52.94915254237288,3.619269187461344,16,13,1
0.9500000000000002,0.9900000000000002,0.9526739404915284,0.9906249999999994,0.9009523809523806,53.67796610169491,3.4735839839805456,13,14,1
0.9900000000000002,0.9900000000000002,0.9541066553090167,0.926363636363636,0.8676934984520118,54.33050847457627,2.925791461067756,14,14,1
0.9500000000000002,0.9900000000000002,0.9541894655487225,0.9899999999999993,0.9147368421052627,54.3728813559322,3.093998044792179,15,14,1
0.9900000000000002,0.9900000000000002,0.9552163289569213,0.9324999999999997,0.8649999999999993,53.45762711864407,3.8787645853308916,16,14,1
0.9900000000000002,0.9900000000000002,0.9588017191749885,0.9302678571428571,0.8919999999999995,53.601694915254235,3.5704527332654354,13,15,1
0.9900000000000002,0.9900000000000002,0.9566151826904074,0.9421428571428568,0.8585338345864658,53.855932203389834,3.9300567635716335,14,15,1
0.9900000000000002,0.9900000000000002,0.9648693484561099,0.9476874999999998,0.9052368421052629,54.08474576271186,3.6419781158568694,15,15,1
0.9900000000000002,0.9900000000000002,0.9638154157782877,0.9440714285714283,0.9037529411764701,53.279661016949156,4.1063935127677,16,15,1
0.9900000000000002,0.9900000000000002,0.9550294506305785,0.9017647058823525,0.9123015873015872,47.80508474576271,4.985161838109189,13,10,2
0.9900000000000002,0.9900000000000002,0.9593373900694069,0.9189999999999996,0.9133571428571426,47.61864406779661,4.591664318337667,14,10,2
0.9900000000000002,0.9900000000000002,0.9569383758765596,0.9168684210526312,0.9009999999999997,47.516949152542374,4.060418803746889,15,10,2
0.9900000000000002,0.9900000000000002,0.9569852464967741,0.9168684210526312,0.9013043478260867,49.652542372881356,4.87535677728632,16,10,2
0.9900000000000002,0.9900000000000002,0.9804327549009713,1.0,0.9369999999999999,49.86440677966102,4.414758096982132,13,11,2
0.9900000000000002,0.9900000000000002,0.9756964432494983,1.0,0.8987499999999995,49.54237288135593,4.3289409747251595,14,11,2
0.9900000000000002,0.9900000000000002,0.9791426842456612,1.0,0.926363636363636,51.40677966101695,4.359360254992315,15,11,2
0.9900000000000002,0.9900000000000002,0.9828436072628441,1.0,0.9573684210526313,49.52542372881356,4.6078633314662065,16,11,2
0.9900000000000002,0.9900000000000002,0.9589404956391661,0.9421428571428568,0.8738708791208786,50.96610169491525,3.7954750118963143,13,12,2
0.9900000000000002,0.9900000000000002,0.961124403857101,0.9421428571428568,0.8884996706192354,50.889830508474574,3.9974226830378896,14,12,2
0.9900000000000002,0.9900000000000002,0.9551852399885928,0.9239285714285712,0.8784999999999994,51.99152542372882,3.8521307392668382,15,12,2
0.9800000000000002,0.9900000000000002,0.948946072488047,0.9084478844169243,0.8959249999999996,52.33050847457627,3.7508306080024703,16,12,2
0.9900000000000002,0.9900000000000002,0.9489355984929686,0.9421428571428568,0.8094444444444437,51.17796610169491,3.2065382250460406,13,13,2
0.9900000000000002,0.9900000000000002,0.9639567592982743,0.9421428571428568,0.9078208020050124,51.45762711864407,4.045596199167956,14,13,2
0.9900000000000002,0.9900000000000002,0.9705275501108767,0.9376666666666665,0.9614285714285712,52.313559322033896,3.090990605687277,15,13,2
0.9900000000000002,0.9900000000000002,0.9670789582995656,0.9258712121212119,0.9552692307692306,53.567796610169495,3.4110458994455213,16,13,2
0.9900000000000002,0.9900000000000002,0.9706817800703915,0.9459999999999997,0.9493749999999997,53.53389830508475,3.3336553038029293,13,14,2
0.9900000000000002,0.9900000000000002,0.9612855486881577,0.926363636363636,0.9147368421052627,53.66949152542373,3.1355130544035306,14,14,2
0.9900000000000002,0.9900000000000002,0.9547596552438087,0.9146249999999997,0.8904891304347823,53.110169491525426,3.536214336784381,15,14,2
0.9600000000000002,0.9900000000000002,0.9380724009590349,0.9069803921568623,0.894347826086956,53.29661016949152,3.229391825080472,16,14,2
0.9900000000000002,0.9900000000000002,0.9693734620405172,0.9421428571428568,0.9459999999999997,54.99152542372882,2.569362391102365,13,15,2
0.9900000000000002,0.9900000000000002,0.9614127747640585,0.9282142857142854,0.9126677018633539,54.05084745762712,2.212627311771827,14,15,2
0.9900000000000002,0.9900000000000002,0.9661190575482415,0.9421428571428568,0.9228571428571425,54.88135593220339,2.2780064564625686,15,15,2
0.9500000000000002,0.9900000000000002,0.9558836374666951,0.9916666666666661,0.926363636363636,54.03389830508475,2.6678633721967455,16,15,2
0.9900000000000002,0.9900000000000002,0.9641955378550864,0.9340241702741702,0.922402597402597,49.80508474576271,4.515995065707681,13,10,3
0.9900000000000002,0.9900000000000002,0.9588878370300782,0.921988636363636,0.9056892230576439,49.67796610169491,4.44148653526257,14,10,3
0.9900000000000002,0.9900000000000002,0.9510199750630883,0.883052631578947,0.9159504830917872,49.279661016949156,4.905696434983429,15,10,3
0.9900000000000002,0.9900000000000002,0.9479162341286003,0.9206249999999999,0.8379999999999992,49.559322033898304,5.64717174281997,16,10,3
0.9900000000000002,0.9900000000000002,0.9751411984878741,0.9349285714285714,1.0,51.6271186440678,4.630035710536025,13,11,3
0.9900000000000002,0.9900000000000002,0.968415072187622,0.9292074592074591,0.9594999999999998,51.313559322033896,4.193819408311682,14,11,3
0.9900000000000002,0.9900000000000002,0.9693668590405937,0.9421428571428568,0.9459523809523809,51.02542372881356,5.298643677438019,15,11,3
0.9900000000000002,0.9900000000000002,0.9649106633834903,0.9236111111111109,0.9437165775401068,51.483050847457626,4.650010116350319,16,11,3
0.9900000000000002,0.9900000000000002,0.9577718783239,0.9373484848484848,0.8738708791208786,51.16101694915254,3.761919675349345,13,12,3
0.9900000000000002,0.9900000000000002,0.9569541470403133,0.926363636363636,0.8860869565217387,50.355932203389834,3.908975815684591,14,12,3
0.9900000000000002,0.9900000000000002,0.9549204355534722,0.9228571428571425,0.8784999999999994,52.779661016949156,4.397872353880079,15,12,3
0.9900000000000002,0.9900000000000002,0.9598728653684783,0.9348034188034186,0.8918749999999996,50.610169491525426,4.228703167609095,16,12,3
0.9900000000000002,0.9900000000000002,0.9627788362049345,0.9459999999999997,0.8935294117647056,52.144067796610166,3.9772135372427955,13,13,3
0.9900000000000002,0.9900000000000002,0.967013089152433,1.0,0.833434782608695,52.813559322033896,4.010471785388367,14,13,3
0.9900000000000002,0.9900000000000002,0.967898682119512,1.0,0.8398564425770302,52.813559322033896,3.914226881133664,15,13,3
0.9900000000000002,0.9900000000000002,0.9690428829706685,1.0,0.8482272727272722,52.99152542372882,4.015849452559797,16,13,3
0.9500000000000002,0.9900000000000002,0.9520658084775593,0.9928571428571424,0.8920392156862743,54.71186440677966,3.047927039128687,13,14,3
0.9500000000000002,0.9900000000000002,0.9509583222513202,0.9921052631578942,0.8842857142857137,53.63559322033898,3.2823752619031903,14,14,3
0.9900000000000002,0.9900000000000002,0.9472107079595659,0.8899999999999997,0.8819454545454541,53.432203389830505,3.5210717107907477,15,14,3
0.9900000000000002,0.9900000000000002,0.9469913814129622,0.899019607843137,0.8665610859728502,53.41525423728814,3.3631257433928745,16,14,3
0.9600000000000002,0.9900000000000002,0.9502625066478603,0.9717647058823525,0.8731092436974786,54.28813559322034,2.905581113776231,13,15,3
0.9900000000000002,0.9900000000000002,0.9611052962146285,0.9308173076923075,0.9064759725400455,55.13559322033898,2.3754223682854056,14,15,3
0.9900000000000002,0.9900000000000002,0.9585691706193803,0.9377424242424242,0.8784999999999994,54.03389830508475,2.9714237966820973,15,15,3
0.9500000000000002,0.9900000000000002,0.9392341899365511,0.9937499999999996,0.7917383107088981,54.78813559322034,3.036087175551236,16,15,3
0.9900000000000002,0.9900000000000002,0.9689062862623152,0.9459999999999997,0.9364999999999999,47.8728813559322,4.3716083418346345,13,10,4
0.9900000000000002,0.9900000000000002,0.9828436072628441,1.0,0.9573684210526313,48.91525423728814,5.118223127825795,14,10,4
0.9900000000000002,0.9900000000000002,0.9777085337872846,1.0,0.9147368421052627,48.92372881355932,5.059236861560563,15,10,4
0.9900000000000002,0.9900000000000002,0.974833159984179,1.0,0.8919999999999995,48.728813559322035,5.044985792170873,16,10,4
0.9900000000000002,0.9900000000000002,0.9625685631713858,0.9348235294117647,0.9099999999999995,49.41525423728814,4.689198318216749,13,11,4
0.9900000000000002,0.9900000000000002,0.9577413282281844,0.8902218614718611,0.9474223856209149,50.228813559322035,4.663982107687924,14,11,4
0.9600000000000002,0.9900000000000002,0.9559314668464698,0.9679999999999995,0.9228571428571425,47.99152542372882,3.936994816043961,15,11,4
0.9500000000000002,0.9900000000000002,0.9512020055210338,0.9933333333333328,0.8841262939958588,49.80508474576271,3.8095741889734516,16,11,4
0.9900000000000002,0.9900000000000002,0.9816698672455542,1.0,0.9473684210526315,52.80508474576271,3.322390589636668,13,12,4
0.9900000000000002,0.9900000000000002,0.9626612788018696,0.9476874999999998,0.8899999999999997,52.47457627118644,3.6306414066723423,14,12,4
0.9900000000000002,0.9900000000000002,0.9504954691667921,0.9459999999999997,0.8129089026915107,51.389830508474574,3.586778683889602,15,12,4
0.9900000000000002,0.9900000000000002,0.964881646585073,0.9421428571428568,0.914220779220779,52.110169491525426,3.579091586065116,16,12,4
0.9900000000000002,0.9900000000000002,0.9635501357250177,0.9459999999999997,0.8988235294117645,52.144067796610166,3.9772135372427955,13,13,4
0.9900000000000002,0.9900000000000002,0.9776737282854613,1.0,0.9144571428571426,51.889830508474574,3.9590786000158076,14,13,4
0.9900000000000002,0.9900000000000002,0.9668269061474998,1.0,0.8320909090909084,52.813559322033896,3.914226881133664,15,13,4
0.9900000000000002,0.9900000000000002,0.9690340133659379,1.0,0.8481620553359678,52.99152542372882,4.015849452559797,16,13,4
0.9900000000000002,0.9900000000000002,0.948419990345752,0.8661609311740887,0.9256999999999999,52.76271186440678,3.693048821088612,13,14,4
0.9900000000000002,0.9900000000000002,0.9674527279321694,0.9459999999999997,0.9261090909090908,52.70338983050848,3.268517836578557,14,14,4
0.9900000000000002,0.9900000000000002,0.9818549159968288,1.0,0.9489342105263158,52.75423728813559,3.5317841092770377,15,14,4
0.9900000000000002,0.9900000000000002,0.9730503324421156,1.0,0.8782539682539677,52.644067796610166,3.9068072354628196,16,14,4
0.9800000000000002,0.9900000000000002,0.9475569403179631,0.9085098039215682,0.8869155844155838,54.40677966101695,2.662473961472399,13,15,4
0.9500000000000002,0.9900000000000002,0.9551587725167427,0.9923076923076918,0.9189999999999996,54.44915254237288,2.9790154716148516,14,15,4
0.9500000000000002,0.9900000000000002,0.9456431134545624,0.9911764705882347,0.8439772727272722,54.66101694915254,2.903009364882257,15,15,4
0.9600000000000002,0.9900000000000002,0.9476191445684822,0.9279999999999996,0.9261523809523808,54.271186440677965,3.3208662769895834,16,15,4
0.9900000000000002,0.9900000000000002,0.9629013784440287,0.9324999999999997,0.9159565217391301,50.73728813559322,5.237459544120596,13,10,5
0.9900000000000002,0.9900000000000002,0.9651347673146267,0.9286111111111108,0.9374285714285714,49.771186440677965,4.9238455016949825,14,10,5
0.9900000000000002,0.9900000000000002,0.9671221125135046,0.9298333333333331,0.9493749999999997,49.17796610169491,4.882746094420609,15,10,5
0.9900000000000002,0.9900000000000002,0.964132778364255,0.9189999999999996,0.9455672268907562,50.32203389830509,4.552669836801116,16,10,5
0.9900000000000002,0.9900000000000002,0.9439587701717858,0.8814444444444441,0.8756493506493502,49.45762711864407,4.727568027451306,13,11,5
0.9900000000000002,0.9900000000000002,0.9546610194527312,0.9189999999999996,0.8829523809523806,51.601694915254235,4.268806506702905,14,11,5
0.9900000000000002,0.9900000000000002,0.9642492174983679,0.9189999999999996,0.9463636363636363,52.271186440677965,4.385378280166391,15,11,5
0.9900000000000002,0.9900000000000002,0.9619895465423562,0.9189999999999996,0.9310326086956517,52.30508474576271,4.101484796411056,16,11,5
0.9500000000000002,0.9900000000000002,0.9594033090584155,0.9906249999999994,0.9594999999999998,51.97457627118644,4.529492552875608,13,12,5
0.9900000000000002,0.9900000000000002,0.9605783153558636,0.926363636363636,0.9099999999999995,51.771186440677965,4.038818036843378,14,12,5
0.9700000000000002,0.9900000000000002,0.9553918664535078,0.9190544871794867,0.9583205741626792,51.05084745762712,4.890058156437508,15,12,5
0.9900000000000002,0.9900000000000002,0.9622384687746781,0.9226818181818178,0.9269461538461538,50.19491525423729,3.659810300206299,16,12,5
0.9900000000000002,0.9900000000000002,0.9653043042212812,0.9459999999999997,0.9109821428571427,53.32203389830509,3.2256423770488905,13,13,5
0.9900000000000002,0.9900000000000002,0.9608015939384509,0.9440714285714283,0.8832132352941173,52.74576271186441,3.6758175400531155,14,13,5
0.9900000000000002,0.9900000000000002,0.9652744645264072,0.9440714285714283,0.9138672768878715,52.66101694915254,3.8050375596334396,15,13,5
0.9900000000000002,0.9900000000000002,0.9595120948535679,0.9324999999999997,0.8931508771929821,52.652542372881356,3.613480219822989,16,13,5
0.9900000000000002,0.9900000000000002,0.9598107082197199,0.9148379010695186,0.9229999999999998,53.25423728813559,3.6012861183757954,13,14,5
0.9900000000000002,0.9900000000000002,0.9670781653444968,0.9459999999999997,0.9234523809523808,52.70338983050848,3.268517836578557,14,14,5
0.9900000000000002,0.9900000000000002,0.9816698672455542,1.0,0.9473684210526315,52.75423728813559,3.5317841092770377,15,14,5
0.9900000000000002,0.9900000000000002,0.9731450827886013,1.0,0.8789781746031741,52.644067796610166,3.9068072354628196,16,14,5
0.9900000000000002,0.9900000000000002,0.9811336029116706,1.0,0.9428529411764706,54.83898305084746,2.5971638344092915,13,15,5
0.9900000000000002,0.9900000000000002,0.97807976815326,1.0,0.9177272727272725,54.86440677966102,2.5241721389542118,14,15,5
0.9900000000000002,0.9900000000000002,0.9634084743441289,0.9440714285714283,0.9009523809523806,54.59322033898305,2.853001060838507,15,15,5
0.9900000000000002,0.9900000000000002,0.9620393624363854,0.9221969696969694,0.926363636363636,54.83898305084746,2.9914293929946014,16,15,5
0.9900000000000002,0.9900000000000002,0.9663468413977598,0.926363636363636,0.9493749999999997,47.79661016949152,4.5891532434753115,13,10,6
0.9900000000000002,0.9900000000000002,0.9649783024425582,0.926363636363636,0.9398749999999999,49.11864406779661,4.661725678012497,14,10,6
0.9500000000000002,0.9900000000000002,0.9508646366904162,0.9923076923076918,0.883171355498721,50.16101694915254,4.928248458034508,15,10,6
0.9500000000000002,0.9900000000000002,0.955073606743745,0.9928571428571424,0.9173160173160171,50.17796610169491,4.446730575648836,16,10,6
0.9900000000000002,0.9900000000000002,0.9582059233786631,0.9421428571428568,0.8689999999999996,50.09322033898305,4.637699766149406,13,11,6
0.9900000000000002,0.9900000000000002,0.9787127801674146,1.0,0.9228571428571425,50.29661016949152,5.005605877809836,14,11,6
0.9900000000000002,0.9900000000000002,0.962530328998817,0.9421428571428568,0.8980392156862742,51.067796610169495,4.087452510602318,15,11,6
0.9900000000000002,0.9900000000000002,0.9657850666327653,0.9421428571428568,0.9205175983436851,50.00847457627118,4.696727607117038,16,11,6
0.9900000000000002,0.9900000000000002,0.9759763609172049,1.0,0.9009523809523806,51.983050847457626,4.01265593360337,13,12,6
0.9900000000000002,0.9900000000000002,0.9690289735025033,1.0,0.8481249999999992,51.940677966101696,4.213160118536888,14,12,6
0.9900000000000002,0.9900000000000002,0.9645621024057311,1.0,0.81590909090909,52.83898305084746,3.574794859547652,15,12,6
0.9900000000000002,0.9900000000000002,0.9632843444074883,1.0,0.8069090909090901,52.559322033898304,3.455632525389738,16,12,6
0.9900000000000002,0.9900000000000002,0.9674847534616831,0.9336089743589742,0.9459999999999997,52.720338983050844,3.1886599736352217,13,13,6
0.9900000000000002,0.9900000000000002,0.9590978768053566,0.926363636363636,0.9001604278074862,53.516949152542374,3.512044773196942,14,13,6
0.9900000000000002,0.9900000000000002,0.9479450174773031,0.926363636363636,0.8289523809523803,52.88135593220339,3.7329714876421916,15,13,6
0.9900000000000002,0.9900000000000002,0.9574466946336432,0.9189999999999996,0.9009523809523806,52.96610169491525,3.3545622952999357,16,13,6
0.9900000000000002,0.9900000000000002,0.9562530429878038,0.8999999999999997,0.9228571428571425,53.53389830508475,2.751524087340953,13,14,6
0.9500000000000002,0.9900000000000002,0.9365734475261881,0.9374131944444439,0.8694523809523805,53.24576271186441,3.422102735181254,14,14,6
0.9900000000000002,0.9900000000000002,0.962441280836302,0.9224999999999999,0.9286013986013986,53.067796610169495,3.4413458481774497,15,14,6
0.9900000000000002,0.9900000000000002,0.9593121983011184,0.9246103896103892,0.9043527777777775,52.83050847457627,3.3174042454748087,16,14,6
0.9900000000000002,0.9900000000000002,0.9701504106973888,0.9459999999999997,0.9454999999999999,54.49152542372882,3.0746248571273695,13,15,6
0.9900000000000002,0.9900000000000002,0.9780914972209485,1.0,0.9178219696969695,54.86440677966102,2.5241721389542118,14,15,6
0.9900000000000002,0.9900000000000002,0.9559902878835231,0.9163636363636362,0.8956582633053218,53.610169491525426,3.7076053268124722,15,15,6
0.9900000000000002,0.9900000000000002,0.9632590839201771,0.9163636363636362,0.9437165775401068,53.71186440677966,3.0451453304086153,16,15,6
0.9900000000000002,0.9900000000000002,0.955436839963552,0.9099999999999995,0.902083333333333,48.152542372881356,4.812813262785273,13,10,7
0.9500000000000002,0.9900000000000002,0.9463542017656768,0.9933333333333328,0.8456623931623929,51.11864406779661,4.396010308907854,14,10,7
0.9900000000000002,0.9900000000000002,0.9617635259830798,0.9421428571428568,0.8928240740740737,49.932203389830505,4.503725037440659,15,10,7
0.9900000000000002,0.9900000000000002,0.9620407170955385,0.9421428571428568,0.8947058823529409,49.559322033898304,4.342424482684713,16,10,7
0.9600000000000002,0.9900000000000002,0.9536956967077523,0.9699999999999995,0.902083333333333,50.601694915254235,4.347490666276809,13,11,7
0.9800000000000002,0.9900000000000002,0.9573710028225025,0.9247794117647055,0.9261842105263156,52.08474576271186,3.8258183375994936,14,11,7
0.9900000000000002,0.9900000000000002,0.9600547822770478,0.9047058823529407,0.9403273809523809,51.96610169491525,4.323628818382733,15,11,7
0.9600000000000002,0.9900000000000002,0.9526858192146588,0.9699999999999995,0.894347826086956,51.271186440677965,4.295565346168764,16,11,7
0.9900000000000002,0.9900000000000002,0.9409736468257349,0.9056666666666663,0.8199736842105256,51.3728813559322,3.9290241384902234,13,12,7
0.9800000000000002,0.9900000000000002,0.9568515349745749,0.9270588235294113,0.9189999999999996,51.20338983050848,4.026520813926252,14,12,7
0.9500000000000002,0.9900000000000002,0.9523881440507356,0.9923076923076918,0.8956582633053218,52.02542372881356,4.381126440568738,15,12,7
0.9500000000000002,0.9900000000000002,0.9384108068148369,0.9300986842105259,0.894347826086956,51.940677966101696,3.3630403236250483,16,12,7
0.9500000000000002,0.9900000000000002,0.9478524997648422,0.9923076923076918,0.859130434782608,52.8728813559322,4.332663896905771,13,13,7
0.9500000000000002,0.9900000000000002,0.9567304735374809,0.9923076923076918,0.9326428571428571,53.41525423728814,3.503814558561444,14,13,7
0.9600000000000002,0.9900000000000002,0.9372647766643125,0.9277828054298639,0.8553888888888884,52.813559322033896,3.782092400305286,15,13,7
0.9900000000000002,0.9900000000000002,0.940812772724464,0.8801249999999997,0.859130434782608,53.220338983050844,3.4423474283247297,16,13,7
0.9900000000000002,0.9900000000000002,0.959255324890687,0.937314732142857,0.8837391304347822,53.82203389830509,3.523844577875193,13,14,7
0.9900000000000002,0.9900000000000002,0.967816261333007,0.9459999999999997,0.9286956521739127,52.940677966101696,3.518215006007672,14,14,7
0.9900000000000002,0.9900000000000002,0.9622163136931053,0.9333193277310924,0.9099999999999995,54.44915254237288,3.0961908188773375,15,14,7
0.9900000000000002,0.9900000000000002,0.9636350255152097,0.9379120879120878,0.9123684210526312,54.21186440677966,3.6957412387298407,16,14,7
0.9900000000000002,0.9900000000000002,0.9555472473300524,0.9176136363636361,0.890833333333333,53.63559322033898,2.9678082257852814,13,15,7
0.9500000000000002,0.9900000000000002,0.9545836453937859,0.9933333333333328,0.9123015873015872,53.95762711864407,2.9296672680762676,14,15,7
0.9900000000000002,0.9900000000000002,0.9568642179348927,0.9279644268774699,0.8829523809523806,54.559322033898304,2.8150394309829987,15,15,7
0.9500000000000002,0.9900000000000002,0.9515561733361697,0.9918859649122802,0.889545454545454,53.728813559322035,2.982039504987765,16,15,7
0.9500000000000002,0.9900000000000002,0.9533742223392896,0.9933333333333328,0.902083333333333,48.45762711864407,4.814603610761337,13,10,8
0.9500000000000002,0.9900000000000002,0.9463978792630073,0.9933333333333328,0.8459999999999998,51.11864406779661,4.396010308907854,14,10,8
0.9600000000000002,0.9900000000000002,0.9516691022340288,0.9708823529411761,0.8851478260869562,49.33898305084746,4.945842868276228,15,10,8
0.9600000000000002,0.9900000000000002,0.9534247479595377,0.9699999999999995,0.8999999999999997,49.889830508474574,4.919321811989605,16,10,8
0.9900000000000002,0.9900000000000002,0.966617937800756,0.9421428571428568,0.926363636363636,49.3728813559322,4.272094334500672,13,11,8
0.9900000000000002,0.9900000000000002,0.961377045893409,0.9297474747474744,0.9099999999999995,50.63559322033898,4.219939059398699,14,11,8
0.9900000000000002,0.9900000000000002,0.9409349908137372,0.8642081447963796,0.8842857142857137,50.279661016949156,4.73337517666375,15,11,8
0.9900000000000002,0.9900000000000002,0.9550409096178023,0.9196969696969695,0.8842857142857137,49.66101694915254,4.276899595765031,16,11,8
0.9900000000000002,0.9900000000000002,0.96666302493342,0.9459999999999997,0.9205175983436851,51.86440677966102,3.6194279308192767,13,12,8
0.9500000000000002,0.9900000000000002,0.9477882845910034,0.9459276018099542,0.9373636363636363,50.483050847457626,3.14004493881115,14,12,8
0.9900000000000002,0.9900000000000002,0.967958350381947,0.9394761904761902,0.940090909090909,51.779661016949156,3.4912374408139786,15,12,8
0.9900000000000002,0.9900000000000002,0.9616071681598537,0.928333333333333,0.9137878787878786,52.398305084745765,3.4595479045004516,16,12,8
0.9900000000000002,0.9900000000000002,0.9563213092843141,0.9228571428571425,0.8875409356725142,52.46610169491525,4.3054600797281495,13,13,8
0.9900000000000002,0.9900000000000002,0.9591680314577147,0.9421428571428568,0.8753846153846148,53.652542372881356,3.592310805897875,14,13,8
0.9900000000000002,0.9900000000000002,0.9587520677412105,0.9189999999999996,0.9094999999999998,52.90677966101695,4.733557246478384,15,13,8
0.9900000000000002,0.9900000000000002,0.9640488846859042,0.9393903318903317,0.9128571428571427,52.67796610169491,3.7323173061018236,16,13,8
0.9900000000000002,0.9900000000000002,0.9622460908694289,0.9354444444444444,0.9068201754385963,54.33050847457627,2.616943114948686,13,14,8
0.9800000000000002,0.9900000000000002,0.9566058229821575,0.9270588235294113,0.9173160173160171,53.355932203389834,3.3762014151119035,14,14,8
0.9800000000000002,0.9900000000000002,0.9526841900001142,0.9311111111111107,0.8843478260869562,52.898305084745765,3.3758610464929357,15,14,8
0.9900000000000002,0.9900000000000002,0.9606902114814919,0.9295588235294114,0.9056892230576439,54.83050847457627,3.0981270578976154,16,14,8
0.9900000000000002,0.9900000000000002,0.9735394555304501,1.0,0.8819999999999997,54.33050847457627,2.9831591852437995,13,15,8
0.9900000000000002,0.9900000000000002,0.9662227653564975,0.9459999999999997,0.9174162679425835,54.26271186440678,3.0654663872264476,14,15,8
0.9900000000000002,0.9900000000000002,0.9622412278717656,0.9421428571428568,0.8960695187165773,54.389830508474574,3.589140632483938,15,15,8
0.9900000000000002,0.9900000000000002,0.963953594915196,0.9440714285714283,0.9047058823529407,54.41525423728814,3.3020955626472905,16,15,8
0.9700000000000002,0.9900000000000002,0.9556103957565415,0.9462499999999996,0.9163636363636362,49.11864406779661,4.838352240043711,13,10,9
0.9900000000000002,0.9900000000000002,0.9681058687772015,0.9421428571428568,0.9369090909090908,48.228813559322035,4.1485366359087585,14,10,9
0.9900000000000002,0.9900000000000002,0.9648224158007577,0.9421428571428568,0.9138095238095236,47.94915254237288,4.3644314628230765,15,10,9
0.9900000000000002,0.9900000000000002,0.9630993568218134,0.9421428571428568,0.9019285714285711,49.720338983050844,4.606343439767652,16,10,9
0.9900000000000002,0.9900000000000002,0.9674415221276973,0.9440714285714283,0.9291106719367584,49.71186440677966,5.385324840957269,13,11,9
0.9900000000000002,0.9900000000000002,0.9636962665140114,0.939659663865546,0.9099999999999995,52.61864406779661,5.0487781564763035,14,11,9
0.9900000000000002,0.9900000000000002,0.9418369700425959,0.8642081447963796,0.889545454545454,50.279661016949156,4.73337517666375,15,11,9
0.9900000000000002,0.9900000000000002,0.9602465240715028,0.9378181818181818,0.889545454545454,50.59322033898305,5.227432996329244,16,11,9
0.9900000000000002,0.9900000000000002,0.9604311014591123,0.9421428571428568,0.8838311688311682,51.49152542372882,4.177716842016163,13,12,9
0.9900000000000002,0.9900000000000002,0.9606457041242311,0.9332989253393663,0.8994444444444442,51.813559322033896,4.3177778978653425,14,12,9
0.9900000000000002,0.9900000000000002,0.9618636424026099,0.9345274725274725,0.9056892230576439,51.26271186440678,4.189227440005678,15,12,9
0.9900000000000002,0.9900000000000002,0.9550906247529078,0.9345274725274725,0.8609263157894732,51.42372881355932,4.239457072012991,16,12,9
0.9700000000000002,0.9900000000000002,0.9564388984223223,0.9462499999999996,0.922402597402597,53.29661016949152,3.9985364314702556,13,13,9
0.9900000000000002,0.9900000000000002,0.9563868778378668,0.9146249999999997,0.9009523809523806,52.59322033898305,3.897494388805809,14,13,9
0.9500000000000002,0.9900000000000002,0.9569350220530033,0.9906249999999994,0.9373484848484848,53.38135593220339,3.682113181785937,15,13,9
0.9500000000000002,0.9900000000000002,0.9488678841226995,0.9705128205128202,0.9047058823529407,53.32203389830509,4.633849949532581,16,13,9
0.9900000000000002,0.9900000000000002,0.9772401163567468,1.0,0.9109821428571427,53.16949152542373,3.234624869523258,13,14,9
0.9900000000000002,0.9900000000000002,0.9714782081134743,1.0,0.8663369963369959,52.69491525423729,3.294855966544787,14,14,9
0.9900000000000002,0.9900000000000002,0.9630621999615936,1.0,0.8053535353535346,53.3728813559322,3.6517852847045376,15,14,9
0.9900000000000002,0.9900000000000002,0.9760703433778664,1.0,0.9016933638443935,54.04237288135593,3.6228887897634108,16,14,9
0.9900000000000002,0.9900000000000002,0.9654932098941006,0.9459999999999997,0.9123015873015872,54.21186440677966,3.26992379249626,13,15,9
0.9900000000000002,0.9900000000000002,0.9566857431388082,0.9459999999999997,0.852727272727272,53.932203389830505,3.8876789588964438,14,15,9
0.9900000000000002,0.9900000000000002,0.9635394542057496,0.9459999999999997,0.8987499999999995,54.483050847457626,3.0607771552376533,15,15,9
0.9900000000000002,0.9900000000000002,0.9634856406525838,0.9476874999999998,0.8956582633053218,54.13559322033898,3.524527265421534,16,15,9
0.9900000000000002,0.9900000000000002,0.980576796105203,1.0,0.9381985294117647,49.067796610169495,5.406726528616251,13,10,10
0.9900000000000002,0.9900000000000002,0.9474180784995507,0.9189999999999996,0.8375367647058818,49.33050847457627,5.005175431229739,14,10,10
0.9900000000000002,0.9900000000000002,0.9724884136295099,1.0,0.8739732142857138,48.347457627118644,4.132092502787707,15,10,10
0.9900000000000002,0.9900000000000002,0.9567639334138506,0.926363636363636,0.8848478260869561,48.16101694915254,4.180200179666712,16,10,10
0.9900000000000002,0.9900000000000002,0.9429177476605588,0.8732142857142853,0.8821428571428565,50.88135593220339,4.152127270847109,13,11,10
0.9600000000000002,0.9900000000000002,0.9402529899601519,0.9415476190476186,0.852727272727272,51.24576271186441,4.562069929910025,14,11,10
0.9900000000000002,0.9900000000000002,0.9567586657427425,0.9103809523809522,0.9099999999999995,52.228813559322035,4.4022548477911725,15,11,10
0.9900000000000002,0.9900000000000002,0.9633215325770303,0.9280158730158727,0.9259090909090906,51.97457627118644,4.132266305606875,16,11,10
0.9900000000000002,0.9900000000000002,0.9606192058313758,0.9398727106227105,0.8887478260869561,52.186440677966104,4.147593038039384,13,12,10
0.9900000000000002,0.9900000000000002,0.9564855972017748,0.9189999999999996,0.8947058823529409,51.82203389830509,3.8852859239334387,14,12,10
0.9900000000000002,0.9900000000000002,0.9526284523220631,0.8962352941176468,0.9056892230576439,52.80508474576271,3.8228981697851916,15,12,10
0.9900000000000002,0.9900000000000002,0.9518025024059491,0.920363636363636,0.862631578947368,52.779661016949156,3.899447142952923,16,12,10
0.9700000000000002,0.9900000000000002,0.9559728519652586,0.9462499999999996,0.9189999999999996,52.983050847457626,3.392371928680474,13,13,10
0.9900000000000002,0.9900000000000002,0.9612086713964871,0.926363636363636,0.914220779220779,54.02542372881356,2.8178061679460686,14,13,10
0.9900000000000002,0.9900000000000002,0.9551321266917965,0.9006150793650791,0.9147368421052627,53.99152542372882,3.0042223470260296,15,13,10
0.9900000000000002,0.9900000000000002,0.9618016068518122,0.907047930283224,0.9483152173913041,52.847457627118644,3.2822768003273657,16,13,10
0.9900000000000002,0.9900000000000002,0.9505829737104964,0.8851785714285713,0.9099999999999995,54.101694915254235,3.4058519691461715,13,14,10
0.9500000000000002,0.9900000000000002,0.9416289395177313,0.9295833333333329,0.9181304347826084,53.855932203389834,3.144204848764921,14,14,10
0.9900000000000002,0.9900000000000002,0.961217837807129,0.926363636363636,0.9142822966507173,54.347457627118644,3.125556543374581,15,14,10
0.9900000000000002,0.9900000000000002,0.9607690199469305,0.9189999999999996,0.9228571428571425,54.82203389830509,3.209180041883563,16,14,10
0.9900000000000002,0.9900000000000002,0.9581210377342533,0.9163636363636362,0.9094999999999998,54.813559322033896,2.872868856529981,13,15,10
0.9900000000000002,0.9900000000000002,0.9672375449342419,0.9324999999999997,0.9459999999999997,53.813559322033896,3.8553268289919735,14,15,10
0.9900000000000002,0.9900000000000002,0.9688373611828341,0.9421428571428568,0.9421428571428568,54.3728813559322,2.910520397785177,15,15,10
0.9900000000000002,0.9900000000000002,0.9698404574621227,0.9421428571428568,0.9493749999999997,54.42372881355932,2.9727769921576663,16,15,10
0.9600000000000002,0.9900000000000002,0.9529114938178607,0.9699999999999995,0.8960695187165773,48.44915254237288,4.752514869719012,13,10,11
0.9900000000000002,0.9900000000000002,0.9594522370821554,0.9099999999999995,0.9281666666666664,49.33898305084746,4.482017438804386,14,10,11
0.9900000000000002,0.9900000000000002,0.9675022539150144,0.9324999999999997,0.9478684210526315,49.355932203389834,4.440807347060746,15,10,11
0.9900000000000002,0.9900000000000002,0.9563120310730904,0.9324999999999997,0.872105263157894,49.28813559322034,5.064167398422133,16,10,11
0.9500000000000002,0.9900000000000002,0.9380794732601961,0.9402777777777772,0.8752380952380948,49.97457627118644,4.454024773714295,13,11,11
0.9900000000000002,0.9900000000000002,0.9664477891506176,0.9459999999999997,0.9189999999999996,52.76271186440678,4.195796859937244,14,11,11
0.9500000000000002,0.9900000000000002,0.9492653405172408,0.9716507177033488,0.9059133126934982,51.41525423728814,4.493547673951537,15,11,11
0.9900000000000002,0.9900000000000002,0.9588298904641623,0.9168684210526312,0.9133571428571426,50.855932203389834,4.146216212013015,16,11,11
0.9900000000000002,0.9900000000000002,0.967522118012638,0.9372499999999999,0.9405187908496732,51.70338983050848,4.0027730261507,13,12,11
0.9900000000000002,0.9900000000000002,0.9639185960491438,0.9459999999999997,0.901363636363636,51.47457627118644,4.132778981338039,14,12,11
0.9900000000000002,0.9900000000000002,0.9613003154274709,0.9377310924369746,0.8967682539682537,51.79661016949152,4.105720114863104,15,12,11
0.9900000000000002,0.9900000000000002,0.9635087011674446,0.9421428571428568,0.904736842105263,51.95762711864407,3.6878041507352086,16,12,11
0.9900000000000002,0.9900000000000002,0.9624896050326324,0.926363636363636,0.9228571428571425,53.49152542372882,3.9782156009947096,13,13,11
0.9900000000000002,0.9900000000000002,0.9575552552025131,0.9089999999999998,0.9173160173160171,53.601694915254235,2.879323809827327,14,13,11
0.9900000000000002,0.9900000000000002,0.9563198444323098,0.9002777777777775,0.9228571428571425,53.99152542372882,3.0042223470260296,15,13,11
0.9900000000000002,0.9900000000000002,0.9616140471793708,0.9061111111111106,0.9485054347826085,52.847457627118644,3.2822768003273657,16,13,11
0.9500000000000002,0.9900000000000002,0.9546784706103248,0.9909090909090903,0.9173160173160171,53.61864406779661,3.3520029214152953,13,14,11
0.9900000000000002,0.9900000000000002,0.9685244605740495,0.9421428571428568,0.9398999999999998,53.067796610169495,3.2199821390159498,14,14,11
0.9900000000000002,0.9900000000000002,0.9642483194440069,0.9421428571428568,0.9098333333333332,53.52542372881356,3.394192109278905,15,14,11
0.9900000000000002,0.9900000000000002,0.9646029074563022,0.9459999999999997,0.9061004784688993,53.33898305084746,3.1842311127450755,16,14,11
0.9900000000000002,0.9900000000000002,0.9702374161139751,1.0,0.857058823529411,54.50847457627118,3.007746390746492,13,15,11
0.9900000000000002,0.9900000000000002,0.9650982869915457,0.9459999999999997,0.9095454545454541,54.779661016949156,2.7956855174016146,14,15,11
0.9900000000000002,0.9900000000000002,0.9615587893036394,0.9459999999999997,0.8852173913043475,54.610169491525426,3.025411859635836,15,15,11
0.9900000000000002,0.9900000000000002,0.9668536076677009,0.9459999999999997,0.9218636363636361,52.644067796610166,3.2742586784963565,16,15,11
0.9900000000000002,0.9900000000000002,0.9659938408851598,0.9459999999999997,0.9158080808080806,49.347457627118644,4.65664664142769,13,10,12
0.9900000000000002,0.9900000000000002,0.9600841531271209,0.9432222222222221,0.8797619047619042,48.940677966101696,4.476477831694256,14,10,12
0.9900000000000002,0.9900000000000002,0.9615923263283264,0.9432222222222221,0.8899264705882349,48.152542372881356,4.55033453537185,15,10,12
0.9900000000000002,0.9900000000000002,0.959411275181292,0.9432222222222221,0.8752619047619044,48.28813559322034,4.506307622476981,16,10,12
0.9900000000000002,0.9900000000000002,0.9588604462003697,0.9189999999999996,0.9102130325814533,51.08474576271186,3.6859243745206483,13,11,12
0.9500000000000002,0.9900000000000002,0.9523535323135974,0.9933333333333328,0.8935846153846151,50.78813559322034,4.6720439669455285,14,11,12
0.9900000000000002,0.9900000000000002,0.9612870013837849,0.9292307692307692,0.9102130325814533,51.271186440677965,3.774717448061179,15,11,12
0.9900000000000002,0.9900000000000002,0.9613572520528737,0.9209285714285711,0.9237681159420287,50.6271186440678,4.375967902946559,16,11,12
0.9900000000000002,0.9900000000000002,0.9484409525636409,0.9189999999999996,0.8438383838383834,51.46610169491525,3.7250462478981627,13,12,12
0.9900000000000002,0.9900000000000002,0.9607126649382676,0.9099999999999995,0.9364999999999999,52.67796610169491,3.732317306101824,14,12,12
0.9900000000000002,0.9900000000000002,0.9690112301993201,0.9440714285714283,0.9403273809523809,52.644067796610166,3.943510919001617,15,12,12
0.9900000000000002,0.9900000000000002,0.951868598063305,0.926363636363636,0.853461538461538,52.40677966101695,4.376821244429343,16,12,12
0.9900000000000002,0.9900000000000002,0.9701762547134885,1.0,0.8566042780748656,52.483050847457626,3.411677481049853,13,13,12
0.9900000000000002,0.9900000000000002,0.9766163928467022,1.0,0.9060140160183064,52.08474576271186,3.7767717162121865,14,13,12
0.9900000000000002,0.9900000000000002,0.9736634196555753,1.0,0.8829523809523806,51.79661016949152,4.08917405367545,15,13,12
0.9900000000000002,0.9900000000000002,0.9689997641494952,1.0,0.8479102728047735,51.779661016949156,3.886385609461505,16,13,12
0.9900000000000002,0.9900000000000002,0.9553171743551758,0.8994444444444442,0.9177272727272725,53.41525423728814,3.4575544193088334,13,14,12
0.9900000000000002,0.9900000000000002,0.9697659892411468,0.9459999999999997,0.9427083333333333,53.32203389830509,3.334161536487589,14,14,12
0.9900000000000002,0.9900000000000002,0.9756964432494983,1.0,0.8987499999999995,53.63559322033898,3.8282297857048007,15,14,12
0.9900000000000002,0.9900000000000002,0.979165389093948,1.0,0.926549344375431,53.26271186440678,3.474917304470724,16,14,12
0.9900000000000002,0.9900000000000002,0.9526194922848727,0.9105151515151513,0.883363636363636,54.20338983050848,3.398801688217302,13,15,12
0.9800000000000002,0.9900000000000002,0.9601886051380053,0.9224999999999995,0.9493749999999997,54.152542372881356,2.6637144915084905,14,15,12
0.9800000000000002,0.9900000000000002,0.9546735934194155,0.9270588235294113,0.9041812865497074,54.70338983050848,2.963933832474405,15,15,12
0.9500000000000002,0.9900000000000002,0.9505993427569631,0.9937499999999996,0.8784999999999994,54.652542372881356,2.891768324886125,16,15,12
0.9900000000000002,0.9900000000000002,0.965810636716617,0.9440714285714283,0.9176136363636361,49.42372881355932,5.046238370228836,13,10,13
0.9700000000000002,0.9900000000000002,0.9506575103321437,0.9256428571428568,0.9145555555555552,47.932203389830505,4.7295121287064825,14,10,13
0.9900000000000002,0.9900000000000002,0.9554220733008502,0.8965524732620318,0.9228571428571425,49.347457627118644,4.6929032585348756,15,10,13
0.9900000000000002,0.9900000000000002,0.9490180199816519,0.870444444444444,0.9228571428571425,49.29661016949152,4.629143717783731,16,10,13
0.9900000000000002,0.9900000000000002,0.9570312221132432,0.926363636363636,0.8865894927536229,50.28813559322034,4.813648841373368,13,11,13
0.9900000000000002,0.9900000000000002,0.9571085177398502,0.9189999999999996,0.8987499999999995,49.8728813559322,4.565060027395061,14,11,13
0.9900000000000002,0.9900000000000002,0.9616805494927843,0.928333333333333,0.9142822966507173,50.932203389830505,4.841082687349103,15,11,13
0.9800000000000002,0.9900000000000002,0.9444620563946287,0.8871153846153842,0.9008728242174058,51.779661016949156,4.374687578617954,16,11,13
0.9900000000000002,0.9900000000000002,0.9578206922940025,0.9366071428571427,0.8753846153846148,51.898305084745765,4.109496712367245,13,12,13
0.9900000000000002,0.9900000000000002,0.9508277043182908,0.9273798076923077,0.8452734265734261,52.75423728813559,4.599072199502495,14,12,13
0.9700000000000002,0.9900000000000002,0.9442983246465808,0.9088461538461534,0.8985294117647056,50.69491525423729,4.501428162404986,15,12,13
0.9900000000000002,0.9900000000000002,0.9519006604911762,0.8943566176470584,0.9040438270169723,51.30508474576271,4.22965414015857,16,12,13
0.9900000000000002,0.9900000000000002,0.966617937800756,0.9421428571428568,0.926363636363636,53.0,3.824541625354311,13,13,13
0.9900000000000002,0.9900000000000002,0.979533217524291,1.0,0.9295652173913039,53.720338983050844,3.267419012574689,14,13,13
0.9900000000000002,0.9900000000000002,0.9633949973348254,0.9302678571428571,0.9228571428571425,53.3728813559322,3.4660498939397164,15,13,13
0.9900000000000002,0.9900000000000002,0.9629567652679845,0.9421428571428568,0.9009523809523806,53.05084745762712,3.695731522338358,16,13,13
0.9900000000000002,0.9900000000000002,0.9759763609172049,1.0,0.9009523809523806,53.152542372881356,4.003445801069729,13,14,13
0.9900000000000002,0.9900000000000002,0.9771627091227926,1.0,0.9103636363636362,53.279661016949156,3.6005780920506214,14,14,13
0.9900000000000002,0.9900000000000002,0.9516108026248269,0.9459999999999997,0.8199736842105256,52.67796610169491,4.303883457112916,15,14,13
0.9900000000000002,0.9900000000000002,0.9689761162522232,0.9459999999999997,0.9370025062656641,53.42372881355932,3.5639598517327604,16,14,13
0.9900000000000002,0.9900000000000002,0.9475498084625855,0.8918749999999996,0.8810968379446636,54.30508474576271,3.1796718586060697,13,15,13
0.9900000000000002,0.9900000000000002,0.9702508823536604,0.9421428571428568,0.9523529411764703,54.23728813559322,2.9820876719304508,14,15,13
0.9900000000000002,0.9900000000000002,0.9593764956016342,0.9235431235431232,0.9064640092879255,55.101694915254235,3.0403775147746086,15,15,13
0.9900000000000002,0.9900000000000002,0.9492998474373462,0.9004201680672265,0.8784999999999994,54.813559322033896,3.066906884745808,16,15,13
0.9900000000000002,0.9900000000000002,0.9569795551319129,0.9388888888888888,0.866184615384615,48.66949152542373,5.383677598743847,13,10,14
0.9900000000000002,0.9900000000000002,0.9819069250956051,1.0,0.9493749999999997,48.389830508474574,4.867801331379608,14,10,14
0.9900000000000002,0.9900000000000002,0.9704506967532882,0.9459999999999997,0.9476874999999998,48.63559322033898,4.25792432569484,15,10,14
0.9900000000000002,0.9900000000000002,0.9696876690286564,0.9421428571428568,0.9482692307692305,48.644067796610166,4.1833516360279654,16,10,14
0.9900000000000002,0.9900000000000002,0.9507130045030041,0.8918749999999996,0.9004999999999997,49.58474576271186,4.180921703559588,13,11,14
0.9900000000000002,0.9900000000000002,0.9562402859808032,0.926363636363636,0.8814444444444441,49.55084745762712,4.810999856661671,14,11,14
0.9900000000000002,0.9900000000000002,0.9619930913262015,0.9221328671328668,0.9261523809523808,49.55084745762712,4.819799309464086,15,11,14
0.9900000000000002,0.9900000000000002,0.9596048396161216,0.926363636363636,0.9035185185185182,49.76271186440678,4.709669041057971,16,11,14
0.9900000000000002,0.9900000000000002,0.9483451869445152,0.8731092436974786,0.9147368421052627,52.08474576271186,4.279585500256709,13,12,14
0.9900000000000002,0.9900000000000002,0.9543258529169136,0.9294318181818177,0.8641885964912276,52.36440677966102,4.462015304802643,14,12,14
0.9900000000000002,0.9900000000000002,0.9553869402456998,0.8875735294117645,0.9363888888888888,50.940677966101696,4.516058677767588,15,12,14
0.9900000000000002,0.9900000000000002,0.9494633405089508,0.8988235294117645,0.8819999999999997,51.13559322033898,4.587963719207857,16,12,14
0.9900000000000002,0.9900000000000002,0.9706817800703915,0.9459999999999997,0.9493749999999997,52.36440677966102,3.473056716089499,13,13,14
0.9900000000000002,0.9900000000000002,0.9771171670174663,1.0,0.9099999999999995,52.91525423728814,3.266616637653904,14,13,14
0.9900000000000002,0.9900000000000002,0.9767849268195415,1.0,0.9073529411764701,52.432203389830505,3.5546074506370045,15,13,14
0.9900000000000002,0.9900000000000002,0.9767179049112639,1.0,0.9068201754385963,52.41525423728814,3.4280158593526915,16,13,14
0.9900000000000002,0.9900000000000002,0.9561539895395506,0.8869999999999996,0.9421428571428568,54.220338983050844,3.6432793786440816,13,14,14
0.9900000000000002,0.9900000000000002,0.9585247798977379,0.9234747474747471,0.9009523809523806,53.50847457627118,3.30060539570655,14,14,14
0.9500000000000002,0.9900000000000002,0.9551180219228157,0.9928571428571424,0.9176969696969695,52.67796610169491,4.083620352737456,15,14,14
0.9500000000000002,0.9900000000000002,0.950001588497394,0.9928571428571424,0.8752380952380948,53.6271186440678,3.681830353049343,16,14,14
0.9900000000000002,0.9900000000000002,0.9707755414286535,0.9459999999999997,0.9500607287449392,54.686440677966104,3.287622273404077,13,15,14
0.9900000000000002,0.9900000000000002,0.9648224158007577,0.9421428571428568,0.9138095238095236,53.516949152542374,3.448736076135468,14,15,14
0.9900000000000002,0.9900000000000002,0.9645943649018043,0.9459999999999997,0.9060411899313499,54.86440677966102,2.5475653190584318,15,15,14
0.9900000000000002,0.9900000000000002,0.9611642635413842,0.9459999999999997,0.8825454545454542,54.75423728813559,2.5476357956121145,16,15,14
0.9900000000000002,0.9900000000000002,0.9598887654350883,0.9324999999999997,0.8956582633053218,48.67796610169491,4.6956188666909275,13,10,15
0.9900000000000002,0.9900000000000002,0.9674936303149136,0.9324999999999997,0.9478074866310159,50.38135593220339,4.118827156424351,14,10,15
0.9900000000000002,0.9900000000000002,0.960666257137764,0.9294999999999997,0.9056221719457008,50.110169491525426,5.056936666189216,15,10,15
0.9900000000000002,0.9900000000000002,0.9668400794723127,0.9315961538461537,0.9446243014856206,49.38135593220339,4.319681978888722,16,10,15
0.9900000000000002,0.9900000000000002,0.9610992644891828,0.926363636363636,0.9134868421052628,51.63559322033898,4.142923830874594,13,11,15
0.9900000000000002,0.9900000000000002,0.9567323475006395,0.9189999999999996,0.8963058823529408,50.78813559322034,4.262273792228694,14,11,15
0.9700000000000002,0.9900000000000002,0.9432182413214352,0.8983333333333329,0.9080701754385962,52.32203389830509,3.6146625975000988,15,11,15
0.9900000000000002,0.9900000000000002,0.9503309563631768,0.926363636363636,0.843791666666666,51.28813559322034,4.418953198603147,16,11,15
0.9900000000000002,0.9900000000000002,0.9475826865254039,0.8731919642857139,0.9099999999999995,52.08474576271186,4.279585500256709,13,12,15
0.9900000000000002,0.9900000000000002,0.9541458477863647,0.926363636363636,0.8679444444444441,51.32203389830509,4.010328520995323,14,12,15
0.9900000000000002,0.9900000000000002,0.952017798139345,0.8737301587301584,0.9362777777777778,51.40677966101695,4.434528022457317,15,12,15
0.9900000000000002,0.9900000000000002,0.9406683417722019,0.8438888888888887,0.9133571428571426,50.67796610169491,4.161733170435336,16,12,15
0.9900000000000002,0.9900000000000002,0.9620786569871552,0.9459999999999997,0.8887499999999997,53.79661016949152,3.585657214736442,13,13,15
0.9900000000000002,0.9900000000000002,0.9812751531221031,1.0,0.9440416666666666,53.69491525423729,3.6231563975287835,14,13,15
0.9900000000000002,0.9900000000000002,0.9692137206786755,0.9476874999999998,0.9360213464696223,53.432203389830505,4.162949601227642,15,13,15
0.9900000000000002,0.9900000000000002,0.9669940821392193,0.9459999999999997,0.9228571428571425,54.29661016949152,3.6506542762417733,16,13,15
0.9900000000000002,0.9900000000000002,0.959248340959216,0.9459999999999997,0.8696764705882348,53.3728813559322,4.066807789420723,13,14,15
0.9800000000000002,0.9900000000000002,0.9525053348645178,0.9311111111111107,0.8831564171122991,52.57627118644068,4.005095863473239,14,14,15
0.9900000000000002,0.9900000000000002,0.9665571757854405,0.9440714285714283,0.9228571428571425,54.59322033898305,3.5156726292697527,15,14,15
0.9900000000000002,0.9900000000000002,0.9542837718675001,0.9421428571428568,0.8433881578947362,54.19491525423729,3.4720639946073373,16,14,15
0.9900000000000002,0.9900000000000002,0.9524515108364466,0.9147368421052627,0.8756493506493502,53.70338983050848,3.800778961270828,13,15,15
0.9900000000000002,0.9900000000000002,0.9519393165485435,0.9177922077922076,0.8675814536340847,53.80508474576271,2.9263805218938717,14,15,15
0.9900000000000002,0.9900000000000002,0.9528497320909801,0.9175401069518715,0.8737301587301584,53.5,3.196263708600286,15,15,15
0.9900000000000002,0.9900000000000002,0.9545086282685165,0.9175401069518715,0.8842857142857137,53.855932203389834,3.0092383847778774,16,15,15
0.9900000000000002,0.9900000000000002,0.9596142794004847,0.9189999999999996,0.9151871657754009,50.44915254237288,4.786275324843463,13,10,16
0.9900000000000002,0.9900000000000002,0.9579411396382755,0.9189999999999996,0.9041812865497074,50.271186440677965,4.804060812195633,14,10,16
0.9900000000000002,0.9900000000000002,0.9641891028809191,0.9189999999999996,0.9459523809523809,49.95762711864407,4.92897704482554,15,10,16
0.9900000000000002,0.9900000000000002,0.9628736370057369,0.9189999999999996,0.9369999999999999,50.28813559322034,4.972980716024693,16,10,16
0.9900000000000002,0.9900000000000002,0.965716998359887,0.9459999999999997,0.9138672768878715,50.779661016949156,4.553143062709239,13,11,16
0.9900000000000002,0.9900000000000002,0.9667212458154961,0.9459999999999997,0.9209285714285711,51.67796610169491,4.3058520602724615,14,11,16
0.9900000000000002,0.9900000000000002,0.9640814069726784,0.9440714285714283,0.9055882352941172,49.38135593220339,4.385877743984285,15,11,16
0.9900000000000002,0.9900000000000002,0.9759763609172049,1.0,0.9009523809523806,49.50847457627118,4.475442905289506,16,11,16
0.9900000000000002,0.9900000000000002,0.9576954574647696,0.9271367521367521,0.8897023809523806,51.08474576271186,4.030763630360626,13,12,16
0.9900000000000002,0.9900000000000002,0.9590028866125008,0.9421428571428568,0.8742857142857139,51.0,3.2180634243889337,14,12,16
0.9900000000000002,0.9900000000000002,0.9765727332283749,1.0,0.9056675780359988,51.779661016949156,3.7892255664667243,15,12,16
0.9900000000000002,0.9900000000000002,0.9765754616604865,1.0,0.9056892230576439,52.00847457627118,3.7473058405890702,16,12,16
0.9900000000000002,0.9900000000000002,0.9538088443828556,0.9376923076923074,0.8475588235294113,53.67796610169491,3.399604553105401,13,13,16
0.9900000000000002,0.9900000000000002,0.9812638223033046,1.0,0.9439464285714284,53.69491525423729,3.6231563975287835,14,13,16
0.9900000000000002,0.9900000000000002,0.9679677169441934,0.9459999999999997,0.9297756410256409,53.932203389830505,3.939648124955208,15,13,16
0.9900000000000002,0.9900000000000002,0.9639104734578208,0.9324999999999997,0.9228571428571425,53.889830508474574,3.002213585331761,16,13,16
0.9900000000000002,0.9900000000000002,0.955982334357118,0.9459999999999997,0.8481249999999992,53.33050847457627,3.3699949322140705,13,14,16
0.9800000000000002,0.9900000000000002,0.9568515349745749,0.9270588235294113,0.9189999999999996,53.33050847457627,2.8465116467376217,14,14,16
0.9900000000000002,0.9900000000000002,0.953748237058758,0.9433333333333331,0.8379999999999992,53.11864406779661,3.2785111635593758,15,14,16
0.9900000000000002,0.9900000000000002,0.9530991323064991,0.9459999999999997,0.8294736842105255,53.33898305084746,3.301823684538671,16,14,16
0.9900000000000002,0.9900000000000002,0.9616943697977849,0.9440714285714283,0.8892499999999997,55.09322033898305,2.6712127891671327,13,15,16
0.9900000000000002,0.9900000000000002,0.9653043042212812,0.9459999999999997,0.9109821428571427,54.0,3.2832394090210895,14,15,16
0.9900000000000002,0.9900000000000002,0.9603614805656258,0.9421428571428568,0.883363636363636,53.97457627118644,3.484741228645735,15,15,16
0.9900000000000002,0.9900000000000002,0.9645457845632781,0.9372499999999999,0.9196969696969695,53.24576271186441,3.822184220426952,16,15,16
0.9900000000000002,0.9900000000000002,0.958085105634576,0.9147692307692304,0.9117633928571427,48.96610169491525,5.141938240684545,13,10,17
0.9900000000000002,0.9900000000000002,0.9644814054818516,0.9379722222222221,0.9181027667984187,49.983050847457626,5.546388427673892,14,10,17
0.9500000000000002,0.9900000000000002,0.9504067835284659,0.9937499999999996,0.8769423076923071,49.6271186440678,5.327887313298933,15,10,17
0.9900000000000002,0.9900000000000002,0.9664242947633435,0.9421428571428568,0.9250008626639059,48.66949152542373,4.654240065672508,16,10,17
0.9900000000000002,0.9900000000000002,0.9612855486881577,0.926363636363636,0.9147368421052627,50.67796610169491,4.120805738087431,13,11,17
0.9900000000000002,0.9900000000000002,0.9612792369617266,0.9421428571428568,0.889545454545454,50.110169491525426,4.477408258918918,14,11,17
0.9900000000000002,0.9900000000000002,0.9621954437806954,0.9459999999999997,0.889545454545454,50.567796610169495,4.2793925070994625,15,11,17
0.9900000000000002,0.9900000000000002,0.961382393060423,0.9324999999999997,0.9056666666666663,50.45762711864407,4.4103961692158755,16,11,17
0.9500000000000002,0.9900000000000002,0.9503192910903449,0.9645098039215682,0.926363636363636,52.32203389830509,4.043998180883184,13,12,17
0.9500000000000002,0.9900000000000002,0.9451598069562321,0.9507575757575754,0.9093379446640312,52.152542372881356,4.068538068018585,14,12,17
0.9500000000000002,0.9900000000000002,0.9551852231836557,0.9928571428571424,0.9182738095238092,51.71186440677966,3.9874840096704074,15,12,17
0.9500000000000002,0.9900000000000002,0.9536855167019647,0.9928571428571424,0.9055263157894733,51.898305084745765,4.209331503164543,16,12,17
0.9900000000000002,0.9900000000000002,0.9590780507951939,0.9421428571428568,0.8747857142857138,53.58474576271186,3.368161675299543,13,13,17
0.9900000000000002,0.9900000000000002,0.9629602449383816,0.9421428571428568,0.9009761904761902,53.932203389830505,3.8150656158902208,14,13,17
0.9900000000000002,0.9900000000000002,0.9609680297650092,0.9421428571428568,0.8874446640316201,51.932203389830505,3.1882432694311857,15,13,17
0.9900000000000002,0.9900000000000002,0.9579091053637311,0.9324999999999997,0.8825523989898986,52.09322033898305,3.7597044784145015,16,13,17
0.9900000000000002,0.9900000000000002,0.9486087265193115,0.9184747474747472,0.845714285714285,52.80508474576271,2.9865758256420802,13,14,17
0.9900000000000002,0.9900000000000002,0.9526517211128533,0.8885937499999997,0.9176034482758616,53.69491525423729,3.1903149904955885,14,14,17
0.9900000000000002,0.9900000000000002,0.9484503254445107,0.9226818181818178,0.8379999999999992,53.20338983050848,3.5714482701471764,15,14,17
0.9900000000000002,0.9800000000000002,0.9463920808716302,0.9189999999999996,0.8694736842105255,53.21186440677966,3.763904605581757,16,14,17
0.9900000000000002,0.9900000000000002,0.9617676709141035,0.9073529411764701,0.9476184210526315,54.54237288135593,2.57314707991164,13,15,17
0.9500000000000002,0.9900000000000002,0.9494557816646328,0.9780303030303026,0.8965384615384613,53.8728813559322,3.032442127578039,14,15,17
0.9900000000000002,0.9900000000000002,0.962813756239004,0.9364999999999999,0.9089999999999998,54.279661016949156,3.43186857542488,15,15,17
0.9900000000000002,0.9900000000000002,0.966929833243956,0.9459999999999997,0.922402597402597,54.720338983050844,2.8220847962020734,16,15,17
0.9900000000000002,0.9900000000000002,0.9570197456986724,0.9147368421052627,0.9048757309941519,50.101694915254235,5.037805936385999,13,10,18
0.9900000000000002,0.9900000000000002,0.952896961065292,0.9324999999999997,0.8501190476190473,50.46610169491525,4.758012338507221,14,10,18
0.9700000000000002,0.9900000000000002,0.9567471389079516,0.9444583333333328,0.9275694444444442,48.49152542372882,4.731333998133719,15,10,18
0.9900000000000002,0.9900000000000002,0.9664242947633435,0.9421428571428568,0.9250008626639059,48.66949152542373,4.654240065672508,16,10,18
0.9900000000000002,0.9900000000000002,0.962555176860596,0.9459999999999997,0.8919999999999995,49.66101694915254,4.532781424290244,13,11,18
0.9900000000000002,0.9900000000000002,0.9612792369617266,0.9421428571428568,0.889545454545454,50.110169491525426,4.477408258918918,14,11,18
0.9900000000000002,0.9900000000000002,0.9586312775209086,0.9026911027568919,0.9340952380952381,49.40677966101695,4.02584297549161,15,11,18
0.9900000000000002,0.9900000000000002,0.9581724572587403,0.9324999999999997,0.8842857142857137,50.21186440677966,3.686557566820148,16,11,18
0.9900000000000002,0.9900000000000002,0.9540455181011303,0.9189999999999996,0.8790175438596489,51.97457627118644,4.032625137354079,13,12,18
0.9900000000000002,0.9900000000000002,0.9577393470854132,0.9334761904761903,0.8798739495798314,51.25423728813559,4.374786078407713,14,12,18
0.9900000000000002,0.9900000000000002,0.9709572456239799,0.9440714285714283,0.9544517543859647,50.83898305084746,3.298613830551033,15,12,18
0.9900000000000002,0.9900000000000002,0.9492009143286546,0.892830882352941,0.8897023809523806,51.75423728813559,4.286234253897884,16,12,18
0.9900000000000002,0.9900000000000002,0.9612792369617266,0.9421428571428568,0.889545454545454,53.45762711864407,3.992883643829717,13,13,18
0.9500000000000002,0.9900000000000002,0.9491041755577596,0.9937499999999996,0.866495726495726,53.059322033898304,4.006969294890151,14,13,18
0.9900000000000002,0.9900000000000002,0.9574837987308871,0.926363636363636,0.889545454545454,52.152542372881356,2.441266407406892,15,13,18
0.9900000000000002,0.9900000000000002,0.9627015554174316,0.9324999999999997,0.9145962732919253,52.6271186440678,3.8571892158592034,16,13,18
0.9500000000000002,0.9900000000000002,0.947750162419667,0.945882352941176,0.9371437908496731,52.97457627118644,3.4110037898472343,13,14,18
0.9500000000000002,0.9900000000000002,0.9568224441248077,0.9928571428571424,0.9324999999999997,53.33898305084746,3.6201421897888206,14,14,18
0.9600000000000002,0.9900000000000002,0.9554302087008091,0.9679999999999995,0.9189168078298511,53.61864406779661,3.364620238286713,15,14,18
0.9900000000000002,0.9900000000000002,0.9560674069953958,0.9189999999999996,0.8919999999999995,53.16949152542373,3.687599661958621,16,14,18
0.9900000000000002,0.9900000000000002,0.9675978946490411,0.933247863247863,0.9473684210526315,53.67796610169491,3.086002723979716,13,15,18
0.9900000000000002,0.9900000000000002,0.9625640487625503,0.9421428571428568,0.8982692307692305,54.313559322033896,2.5634297487915227,14,15,18
0.9500000000000002,0.9900000000000002,0.95281510849306,0.9863636363636354,0.9094999999999998,54.152542372881356,2.860091022150204,15,15,18
0.9500000000000002,0.9900000000000002,0.9426750697155711,0.9347426470588232,0.9173160173160171,54.6271186440678,2.8871327932023845,16,15,18
0.9900000000000002,0.9900000000000002,0.9725624315002573,1.0,0.8745357142857139,49.855932203389834,5.291943707069591,13,10,19
0.9900000000000002,0.9900000000000002,0.9573289500925609,0.9421428571428568,0.8632163742690053,49.398305084745765,4.818994603822364,14,10,19
0.9900000000000002,0.9900000000000002,0.9760285345654227,1.0,0.901363636363636,47.389830508474574,4.418823177765475,15,10,19
0.9900000000000002,0.9900000000000002,0.9391116346198509,0.863509615384615,0.8747857142857138,47.186440677966104,5.655279747823436,16,10,19
0.9900000000000002,0.9900000000000002,0.9528080996454602,0.8876249999999996,0.9200652173913042,50.40677966101695,4.875113711208534,13,11,19
0.9900000000000002,0.9900000000000002,0.9417494998305465,0.8900904977375563,0.8491304347826082,50.91525423728814,5.174212903684148,14,11,19
0.9900000000000002,0.9900000000000002,0.9436184695780558,0.8642081447963796,0.8999999999999997,50.47457627118644,4.043642979946109,15,11,19
0.9900000000000002,0.9900000000000002,0.9459815798641329,0.8726190476190473,0.9012499999999997,50.83898305084746,4.974460773065115,16,11,19
0.9900000000000002,0.9900000000000002,0.9633662851425687,0.9209285714285711,0.9373333333333332,51.32203389830509,4.5377537860245045,13,12,19
0.9500000000000002,0.9900000000000002,0.9493106128260996,0.9909090909090903,0.8731092436974786,51.440677966101696,4.064193319340522,14,12,19
0.9800000000000002,0.9900000000000002,0.9463526481796533,0.8886153846153841,0.9103730158730157,51.6271186440678,3.8703492816792093,15,12,19
0.9900000000000002,0.9900000000000002,0.9468194681441303,0.883380952380952,0.889802631578947,51.54237288135593,3.823752854834867,16,12,19
0.9900000000000002,0.9900000000000002,0.9660729723557866,0.9459999999999997,0.9163636363636362,51.80508474576271,3.2605980385642974,13,13,19
0.9900000000000002,0.9900000000000002,0.9595378986589148,0.9284999999999997,0.8996874999999998,53.66949152542373,3.1997221403352993,14,13,19
0.9900000000000002,0.9900000000000002,0.9612855486881577,0.926363636363636,0.9147368421052627,51.42372881355932,4.024094338915505,15,13,19
0.9900000000000002,0.9900000000000002,0.953723434241962,0.9123684210526312,0.8874347826086952,53.11864406779661,3.551484510629952,16,13,19
0.9500000000000002,0.9900000000000002,0.9482396915841456,0.9462499999999995,0.9403273809523809,53.50847457627118,3.381770077862054,13,14,19
0.9900000000000002,0.9900000000000002,0.9543824101355265,0.9247058823529409,0.872105263157894,53.99152542372882,3.0518006985370008,14,14,19
0.9900000000000002,0.9900000000000002,0.9551459737260652,0.9324999999999997,0.864545454545454,53.63559322033898,3.3259769922797684,15,14,19
0.9900000000000002,0.9900000000000002,0.9553430068969649,0.9421428571428568,0.8502415458937193,53.6271186440678,3.8965360761454844,16,14,19
0.9900000000000002,0.9900000000000002,0.9638650448721622,0.9174747474747472,0.946111111111111,54.57627118644068,2.738324304068918,13,15,19
0.9900000000000002,0.9900000000000002,0.9630235696334395,0.9459999999999997,0.8952058823529409,54.58474576271186,3.0789781245237204,14,15,19
0.9900000000000002,0.9900000000000002,0.9815077611648884,1.0,0.9459999999999997,54.19491525423729,3.6202314622515206,15,15,19
0.9900000000000002,0.9900000000000002,0.9643761971140818,0.9189999999999996,0.9472329545454543,53.05084745762712,3.4144445353827906,16,15,19
0.9900000000000002,0.9900000000000002,0.967311670348207,1.0,0.835594405594405,48.847457627118644,5.348256675641468,13,10,20
0.9900000000000002,0.9900000000000002,0.9653829264535325,0.9493749999999997,0.9061004784688993,50.152542372881356,5.282890706261699,14,10,20
0.9900000000000002,0.9900000000000002,0.9573090604554901,0.8893269230769227,0.9459999999999997,50.347457627118644,5.104629202895349,15,10,20
0.9900000000000002,0.9900000000000002,0.977379086196245,0.9459999999999997,1.0,48.07627118644068,5.12910733248514,16,10,20
0.9900000000000002,0.9900000000000002,0.9652616193704154,0.9421428571428568,0.9168636363636362,50.347457627118644,4.840466987283789,13,11,20
0.9500000000000002,0.9900000000000002,0.9536823891891785,0.9928571428571424,0.9054999999999996,50.57627118644068,4.845768343793598,14,11,20
0.9900000000000002,0.9900000000000002,0.9654783966306395,0.9421428571428568,0.9183749999999996,50.28813559322034,4.113025392569266,15,11,20
0.9900000000000002,0.9900000000000002,0.9606449852074471,0.9189999999999996,0.9220303030303028,49.771186440677965,4.0639194092944155,16,11,20
0.9900000000000002,0.9900000000000002,0.962927324577389,0.9189999999999996,0.9373636363636363,51.32203389830509,4.5377537860245045,13,12,20
0.9500000000000002,0.9900000000000002,0.9492229480845944,0.9909090909090903,0.8724107142857139,51.440677966101696,4.064193319340522,14,12,20
0.9900000000000002,0.9900000000000002,0.954140387474331,0.9160511363636362,0.8842857142857137,50.1271186440678,4.315024225965521,15,12,20
0.9900000000000002,0.9900000000000002,0.9536854569464815,0.8965240641711226,0.9118888888888886,50.75423728813559,4.112684884676128,16,12,20
0.9900000000000002,0.9900000000000002,0.9758554216867472,1.0,0.8999999999999997,52.279661016949156,3.609980499549047,13,13,20
0.9900000000000002,0.9900000000000002,0.9692282445843772,0.9459999999999997,0.9388194444444444,52.601694915254235,4.192689017213045,14,13,20
0.9900000000000002,0.9900000000000002,0.9548453181871805,0.9324999999999997,0.8626052631578942,51.779661016949156,3.851338295287952,15,13,20
0.9900000000000002,0.9900000000000002,0.9539239663818467,0.9147368421052627,0.8849802371541498,53.11864406779661,3.551484510629952,16,13,20
0.9900000000000002,0.9900000000000002,0.9694759021957773,0.9421428571428568,0.9467391304347825,52.57627118644068,3.4207908186211853,13,14,20
0.9500000000000002,0.9900000000000002,0.9465440766897881,0.9928571428571424,0.8479679144385022,54.059322033898304,3.3579967113211002,14,14,20
0.9900000000000002,0.9700000000000002,0.9416820035000595,0.9147368421052627,0.8854024767801849,53.55084745762712,3.3663274200179525,15,14,20
0.9900000000000002,0.9900000000000002,0.9583364350959089,0.9421428571428568,0.869863636363636,52.67796610169491,3.677419314194429,16,14,20
0.9900000000000002,0.9900000000000002,0.9604259102173165,0.9175401069518715,0.9228571428571425,54.3728813559322,2.7240193700296014,13,15,20
0.9900000000000002,0.9900000000000002,0.9691057297286338,0.9421428571428568,0.9440714285714283,54.86440677966102,2.9742261612491943,14,15,20
0.9900000000000002,0.9900000000000002,0.9672790209484952,0.9421428571428568,0.9310326086956517,54.38135593220339,3.207299649674753,15,15,20
0.9500000000000002,0.9900000000000002,0.9530145149055471,0.9590460526315784,0.9573684210526313,55.03389830508475,2.6133043028871805,16,15,20
0.9900000000000002,0.9900000000000002,0.9636309316134983,0.9189999999999996,0.9421428571428568,48.97457627118644,4.39464594205803,13,10,21
0.9900000000000002,0.9900000000000002,0.9624896050326324,0.926363636363636,0.9228571428571425,49.228813559322035,5.580551909023665,14,10,21
0.9900000000000002,0.9900000000000002,0.9642052626227496,0.9168684210526312,0.9493749999999997,49.13559322033898,4.270345626144762,15,10,21
0.9700000000000002,0.9900000000000002,0.946192203715823,0.9301666666666663,0.876897321428571,48.847457627118644,4.851397000697224,16,10,21
0.9900000000000002,0.9900000000000002,0.959182043546549,0.9147368421052627,0.9190096618357486,50.38135593220339,4.462498144186906,13,11,21
0.9800000000000002,0.9900000000000002,0.952290172779746,0.9311111111111107,0.881725108225108,51.83050847457627,4.566467842327691,14,11,21
0.9500000000000002,0.9900000000000002,0.9540326404311185,0.9933333333333328,0.9076257309941518,52.08474576271186,4.389077875406216,15,11,21
0.9900000000000002,0.9900000000000002,0.9552760169489425,0.9099999999999995,0.9010526315789471,52.23728813559322,4.537373925225566,16,11,21
0.9900000000000002,0.9900000000000002,0.9634201292720481,0.9189999999999996,0.9407083333333333,51.32203389830509,4.5377537860245045,13,12,21
0.9500000000000002,0.9900000000000002,0.9521844523228529,0.9909090909090903,0.8964087809036655,50.76271186440678,3.933079972428765,14,12,21
0.9900000000000002,0.9900000000000002,0.9557988610282359,0.9227777777777776,0.8842857142857137,50.1271186440678,4.315024225965521,15,12,21
0.9500000000000002,0.9900000000000002,0.9472037721894017,0.9561111111111107,0.9159821428571426,50.152542372881356,4.818092875824307,16,12,21
0.9900000000000002,0.9900000000000002,0.9764514230257325,1.0,0.9047058823529407,52.355932203389834,3.4334481944363446,13,13,21
0.9900000000000002,0.9900000000000002,0.9581699069143264,0.9459999999999997,0.8625079744816582,52.88135593220339,4.04669668910968,14,13,21
0.9900000000000002,0.9900000000000002,0.9375385195825727,0.8742857142857139,0.8491666666666664,53.36440677966102,4.130632270388442,15,13,21
0.9900000000000002,0.9900000000000002,0.955206187518227,0.9169405594405593,0.8897023809523806,52.855932203389834,3.1549676291788367,16,13,21
0.9900000000000002,0.9900000000000002,0.9828436072628441,1.0,0.9573684210526313,51.983050847457626,2.6488982386589464,13,14,21
0.9900000000000002,0.9900000000000002,0.9708513243090567,0.9440714285714283,0.953676470588235,51.59322033898305,2.89428802795072,14,14,21
0.9900000000000002,0.9900000000000002,0.9564883269906236,0.9227777777777776,0.8887499999999997,54.02542372881356,2.79667437009,15,14,21
0.9900000000000002,0.9900000000000002,0.9685841504740689,0.9421428571428568,0.9403273809523809,53.516949152542374,3.2747960237875176,16,14,21
0.9900000000000002,0.9900000000000002,0.9707528745237741,1.0,0.8608999999999996,54.347457627118644,2.6629190006713954,13,15,21
0.9900000000000002,0.9900000000000002,0.9622567409077805,0.9459999999999997,0.8899632352941174,53.82203389830509,3.3105669439502843,14,15,21
0.9900000000000002,0.9900000000000002,0.9497029928721252,0.8966156045751631,0.8869155844155838,54.516949152542374,3.002070050920677,15,15,21
0.9900000000000002,0.9900000000000002,0.9700582094913142,0.9459999999999997,0.9448295454545453,54.86440677966102,2.702526295321322,16,15,21
0.9700000000000002,0.9900000000000002,0.9538843384412947,0.949411764705882,0.8987499999999995,48.728813559322035,3.9373505179032624,13,10,22
0.9900000000000002,0.9900000000000002,0.956666689448934,0.9099999999999995,0.9099999999999995,49.152542372881356,4.507295627682211,14,10,22
0.9900000000000002,0.9900000000000002,0.9640548214519915,0.9189999999999996,0.945034422657952,49.13559322033898,4.270345626144762,15,10,22
0.9900000000000002,0.9900000000000002,0.9574710388190464,0.9189999999999996,0.9011111111111109,49.90677966101695,4.511731014595274,16,10,22
0.9900000000000002,0.9900000000000002,0.9804426029263462,1.0,0.9370818713450292,50.73728813559322,3.904425924298451,13,11,22
0.9900000000000002,0.9900000000000002,0.9534550830903217,0.9147368421052627,0.8819999999999997,50.44915254237288,4.251814084673638,14,11,22
0.9900000000000002,0.9900000000000002,0.9599089628366052,0.9189999999999996,0.9171386363636361,50.144067796610166,4.138032414879088,15,11,22
0.9900000000000002,0.9900000000000002,0.9599396387245798,0.9421428571428568,0.8805357142857138,50.813559322033896,4.073371885510497,16,11,22
0.9900000000000002,0.9900000000000002,0.9593696004898942,0.9493749999999997,0.8649999999999993,52.47457627118644,4.191823890899795,13,12,22
0.9600000000000002,0.9900000000000002,0.9526897010546667,0.9538624338624334,0.9213043478260867,51.70338983050848,4.386630926112941,14,12,22
0.9500000000000002,0.9900000000000002,0.9545396381462166,0.9923076923076918,0.913708592132505,52.313559322033896,3.8260905226038315,15,12,22
0.9500000000000002,0.9900000000000002,0.9529861136827985,0.9916666666666661,0.9017391304347823,51.63559322033898,4.907043112274106,16,12,22
0.9900000000000002,0.9900000000000002,0.9600121076241159,0.9459999999999997,0.8747857142857138,53.32203389830509,3.3569592675924196,13,13,22
0.9900000000000002,0.9900000000000002,0.9547050440142439,0.9276923076923076,0.8694090909090905,52.94915254237288,3.2150268407744766,14,13,22
0.9900000000000002,0.9900000000000002,0.9520255531336688,0.8935294117647056,0.9061004784688993,53.47457627118644,3.6001691683576307,15,13,22
0.9900000000000002,0.9900000000000002,0.9587142233973751,0.9167024736529379,0.9128571428571427,53.94915254237288,3.7908173118715527,16,13,22
0.9900000000000002,0.9900000000000002,0.9703358814379491,0.9440714285714283,0.9499145748987854,53.33050847457627,3.500738626046549,13,14,22
0.9900000000000002,0.9900000000000002,0.9663298182074755,0.9226818181818178,0.9549999999999997,53.601694915254235,3.5250672081788075,14,14,22
0.9900000000000002,0.9900000000000002,0.9564112490548787,0.9161269841269838,0.8987499999999995,53.41525423728814,3.5013950517250634,15,14,22
0.9900000000000002,0.9900000000000002,0.9599446529030959,0.9234469696969694,0.9103826754385962,53.23728813559322,4.124498872696679,16,14,22
0.9800000000000002,0.9900000000000002,0.9594099324750747,0.9247794117647055,0.9403273809523809,53.88135593220339,3.1222804886146047,13,15,22
0.9900000000000002,0.9900000000000002,0.9606315524842287,0.9421428571428568,0.8851785714285713,54.516949152542374,2.445102510233493,14,15,22
0.9900000000000002,0.9900000000000002,0.9603518588324254,0.9324999999999997,0.8987499999999995,53.70338983050848,3.3656019735914025,15,15,22
0.9900000000000002,0.9900000000000002,0.9702617494692294,0.9440714285714283,0.9493749999999997,53.83050847457627,3.1280716016171106,16,15,22
0.9800000000000002,0.9900000000000002,0.945669535510491,0.9363684210526312,0.8300833333333327,49.66949152542373,4.685091907543711,13,10,23
0.9900000000000002,0.9900000000000002,0.9536779473636325,0.9421428571428568,0.8394886363636358,48.644067796610166,4.099453092355195,14,10,23
0.9900000000000002,0.9900000000000002,0.95943084089697,0.9168684210526312,0.9173160173160171,48.82203389830509,4.217862250590055,15,10,23
0.9600000000000002,0.9900000000000002,0.9519485082114896,0.9699999999999995,0.8887499999999997,49.940677966101696,4.451799051462145,16,10,23
0.9900000000000002,0.9900000000000002,0.9661536617190364,0.931531746031746,0.9399175824175822,50.779661016949156,4.021416381773835,13,11,23
0.9900000000000002,0.9900000000000002,0.9570952014383993,0.9146249999999997,0.9055409356725143,50.05084745762712,3.835267779807887,14,11,23
0.9500000000000002,0.9900000000000002,0.9527609534930146,0.9923076923076918,0.8987499999999995,51.644067796610166,4.136496150389032,15,11,23
0.9900000000000002,0.9900000000000002,0.9644928354266694,0.9459999999999997,0.9053368421052629,50.728813559322035,4.028838872448875,16,11,23
0.9700000000000002,0.9900000000000002,0.9603550366662708,0.9426666666666662,0.9573684210526313,51.45762711864407,4.0996983514429335,13,12,23
0.9900000000000002,0.9900000000000002,0.9690719032735853,0.9459999999999997,0.9376923076923074,53.03389830508475,4.182149725756025,14,12,23
0.9900000000000002,0.9900000000000002,0.974833159984179,1.0,0.8919999999999995,52.101694915254235,4.150535661791698,15,12,23
0.9900000000000002,0.9900000000000002,0.9751378289816227,1.0,0.8943749999999996,51.889830508474574,4.143166516667167,16,12,23
0.9900000000000002,0.9900000000000002,0.9508865855706747,0.9258173076923076,0.8481529973649533,53.398305084745765,3.6246328405725725,13,13,23
0.9900000000000002,0.9800000000000002,0.9424136057725124,0.8988235294117645,0.8759999999999992,53.88135593220339,3.68958564465503,14,13,23
0.9700000000000002,0.9900000000000002,0.9569789318793736,0.9462499999999996,0.926363636363636,52.73728813559322,3.425794392847099,15,13,23
0.9700000000000002,0.9900000000000002,0.9526141649849554,0.949411764705882,0.8897023809523806,53.79661016949152,3.7564843869936544,16,13,23
0.9900000000000002,0.9900000000000002,0.9699149361447594,0.9421428571428568,0.9499145748987854,53.33050847457627,3.500738626046549,13,14,23
0.9900000000000002,0.9900000000000002,0.965505170674836,0.9189999999999996,0.9549999999999997,53.601694915254235,3.5250672081788075,14,14,23
0.9900000000000002,0.9900000000000002,0.9564151080666645,0.9161428571428568,0.8987499999999995,53.41525423728814,3.5013950517250634,15,14,23
0.9900000000000002,0.9900000000000002,0.9653641600978554,0.9459999999999997,0.9113999999999998,54.186440677966104,3.819994570371447,16,14,23
0.9800000000000002,0.9900000000000002,0.9594349578008471,0.9224999999999995,0.9440920716112531,54.21186440677966,3.5195620271520167,13,15,23
0.9900000000000002,0.9900000000000002,0.9619408971399369,0.9421428571428568,0.8940277777777776,53.567796610169495,2.6440813776270073,14,15,23
0.9900000000000002,0.9900000000000002,0.9626345011650639,0.9421428571428568,0.8987499999999995,54.483050847457626,3.1319378601955696,15,15,23
0.9900000000000002,0.9900000000000002,0.9672375449342419,0.9324999999999997,0.9459999999999997,54.54237288135593,3.153271284422399,16,15,23
0.9500000000000002,0.9900000000000002,0.9488569593627745,0.9939338235294114,0.8642081447963796,48.779661016949156,4.8137085200081415,13,10,24
0.9900000000000002,0.9900000000000002,0.9574299773455592,0.9392857142857141,0.8684999999999996,49.66949152542373,4.593759740671351,14,10,24
0.9900000000000002,0.9900000000000002,0.9559661886598736,0.9147368421052627,0.8980612745098037,49.36440677966102,4.503605437449558,15,10,24
0.9900000000000002,0.9900000000000002,0.9625774481589218,0.926363636363636,0.9234523809523808,50.6271186440678,4.883032904031652,16,10,24
0.9500000000000002,0.9900000000000002,0.948230770725373,0.9923076923076918,0.8621052631578943,49.09322033898305,3.991489438104726,13,11,24
0.9900000000000002,0.9900000000000002,0.9585316438286186,0.9147368421052627,0.9147368421052627,49.516949152542374,4.406722620230576,14,11,24
0.9500000000000002,0.9900000000000002,0.946276161485878,0.9941176470588231,0.8436796536796531,49.6271186440678,3.419278866804291,15,11,24
0.9900000000000002,0.9900000000000002,0.9600946417489125,0.9189999999999996,0.9183703007518794,49.559322033898304,4.406355911829854,16,11,24
0.9500000000000002,0.9900000000000002,0.9544403178331331,0.9899999999999993,0.9168636363636362,51.389830508474574,3.5055256582664107,13,12,24
0.9700000000000002,0.9900000000000002,0.9518634884551402,0.9037878787878784,0.9573684210526313,51.8728813559322,4.217691975013476,14,12,24
0.9900000000000002,0.9900000000000002,0.9625984561423585,0.9099999999999995,0.9491075514874141,51.898305084745765,4.415669000330824,15,12,24
0.9900000000000002,0.9900000000000002,0.9660313657846262,0.8918749999999996,1.0,52.567796610169495,4.070311722455003,16,12,24
0.9900000000000002,0.9900000000000002,0.9698289728734142,0.9421428571428568,0.9492918300653593,53.23728813559322,3.7769998992602294,13,13,24
0.9900000000000002,0.9900000000000002,0.9575328092725685,0.9078235294117646,0.9189999999999996,52.20338983050848,4.179366836390043,14,13,24
0.9900000000000002,0.9900000000000002,0.9688295697413984,0.9375384615384614,0.9493749999999997,54.28813559322034,3.582210507104196,15,13,24
0.9500000000000002,0.9900000000000002,0.943085874502604,0.9453921568627446,0.9027999999999995,52.58474576271186,3.9964523911870167,16,13,24
0.9900000000000002,0.9900000000000002,0.9551861720002758,0.9099999999999995,0.9004772727272724,53.83050847457627,3.627356241227988,13,14,24
0.9800000000000002,0.9900000000000002,0.9565397369833457,0.9270588235294113,0.9168636363636362,54.19491525423729,3.5373514811639413,14,14,24
0.9900000000000002,0.9900000000000002,0.968876680499941,0.9459999999999997,0.9362870462870461,54.21186440677966,2.7735179120988427,15,14,24
0.9900000000000002,0.9900000000000002,0.966617937800756,0.9421428571428568,0.926363636363636,54.16949152542373,3.0678902504671246,16,14,24
0.9500000000000002,0.9900000000000002,0.9536031958319441,0.9923076923076918,0.9057894736842103,54.71186440677966,3.1518132927668696,13,15,24
0.9900000000000002,0.9900000000000002,0.9779542263138845,1.0,0.9167145135566186,54.75423728813559,2.708856912832942,14,15,24
0.9900000000000002,0.9900000000000002,0.9572359873443483,0.9421428571428568,0.8626052631578942,53.83050847457627,3.003684417583954,15,15,24
0.9500000000000002,0.9900000000000002,0.9446254201789939,0.9937499999999996,0.8316842105263151,53.71186440677966,2.946131318242,16,15,24
0.9900000000000002,0.9900000000000002,0.9760761449564752,1.0,0.9017391304347823,49.92372881355932,5.432414919597112,13,10,25
0.9900000000000002,0.9900000000000002,0.9645890458046572,0.9411825396825395,0.9137267080745339,48.855932203389834,3.925741695502953,14,10,25
0.9900000000000002,0.9900000000000002,0.9704789841242494,0.9459999999999997,0.9478938768489851,49.33050847457627,3.914456225079516,15,10,25
0.9900000000000002,0.9900000000000002,0.9567216293453963,0.9421428571428568,0.8592307692307687,48.66949152542373,4.403494538231342,16,10,25
0.9900000000000002,0.9900000000000002,0.9641661219033495,0.9168684210526312,0.9491075514874141,50.95762711864407,4.33040896764511,13,11,25
0.9900000000000002,0.9900000000000002,0.962987895913185,0.9421428571428568,0.9011654135338345,50.271186440677965,4.849709089561503,14,11,25
0.9900000000000002,0.9900000000000002,0.9601894790062877,0.9189999999999996,0.9189999999999996,49.720338983050844,4.675731780342052,15,11,25
0.9900000000000002,0.9900000000000002,0.9600858110987293,0.9189999999999996,0.9183116883116881,49.559322033898304,4.406355911829854,16,11,25
0.9900000000000002,0.9900000000000002,0.9583364350959089,0.9421428571428568,0.869863636363636,50.771186440677965,4.1729780792601385,13,12,25
0.9900000000000002,0.9900000000000002,0.9731783948747545,1.0,0.8792329545454542,51.54237288135593,4.146969626281157,14,12,25
0.9500000000000002,0.9900000000000002,0.9477122167762501,0.9937499999999996,0.8554999999999996,51.728813559322035,3.850293884775314,15,12,25
0.9900000000000002,0.9900000000000002,0.9581845962332987,0.9459999999999997,0.8626052631578942,53.313559322033896,3.961037256172426,16,12,25
0.9900000000000002,0.9900000000000002,0.958091635994748,0.926363636363636,0.8935294117647056,53.33898305084746,3.3879655887008657,13,13,25
0.9900000000000002,0.9900000000000002,0.9685897723774446,0.9459999999999997,0.9342261904761904,52.76271186440678,3.5788407509091145,14,13,25
0.9900000000000002,0.9900000000000002,0.9575320482649567,0.926363636363636,0.8898611111111108,53.58474576271186,3.880254821237426,15,13,25
0.9900000000000002,0.9900000000000002,0.9631275515554669,0.9459999999999997,0.8959191176470586,53.69491525423729,3.9584889998975217,16,13,25
0.9900000000000002,0.9900000000000002,0.9539643890188014,0.9189999999999996,0.8784999999999994,54.30508474576271,3.15290684971625,13,14,25
0.9500000000000002,0.9900000000000002,0.9539708622577652,0.9916666666666661,0.9099999999999995,52.96610169491525,3.3671700218076066,14,14,25
0.9900000000000002,0.9900000000000002,0.964369011170672,0.9340525793650792,0.9235526315789472,54.25423728813559,2.8289856859819826,15,14,25
0.9900000000000002,0.9900000000000002,0.9576586514896083,0.8943749999999996,0.9405514705882352,53.79661016949152,3.0933480354417213,16,14,25
0.9800000000000002,0.9900000000000002,0.9547512968151701,0.9270588235294113,0.9047058823529407,54.36440677966102,3.0936382350632985,13,15,25
0.9900000000000002,0.9900000000000002,0.9561402310698125,0.926363636363636,0.8807954545454542,54.6271186440678,2.8218175720007843,14,15,25
0.9900000000000002,0.9900000000000002,0.9648903652030607,0.9147368421052627,0.9573684210526313,54.92372881355932,2.9720642249060485,15,15,25
0.9600000000000002,0.9900000000000002,0.9507912497044727,0.9699999999999995,0.8800454545454542,54.932203389830505,2.5033158131421405,16,15,25
0.9900000000000002,0.9900000000000002,0.956839883953891,0.9245751633986926,0.8881841432225063,50.69491525423729,4.1487357162954615,13,10,26
0.9900000000000002,0.9900000000000002,0.9642303557450627,0.9459999999999997,0.9035185185185182,50.20338983050848,4.326816894814537,14,10,26
0.9900000000000002,0.9900000000000002,0.961302455672735,0.9421428571428568,0.8897023809523806,50.644067796610166,4.851219353496871,15,10,26
0.9900000000000002,0.9900000000000002,0.9492777981422736,0.9089305555555554,0.8649999999999993,49.983050847457626,4.192372110472635,16,10,26
0.9900000000000002,0.9900000000000002,0.964649591918578,0.9189999999999996,0.9491075514874141,50.95762711864407,4.33040896764511,13,11,26
0.9900000000000002,0.9900000000000002,0.9601894790062877,0.9189999999999996,0.9189999999999996,49.516949152542374,4.406722620230576,14,11,26
0.9900000000000002,0.9900000000000002,0.9550799420005577,0.9226818181818178,0.8798038961038955,49.11864406779661,4.374753245390879,15,11,26
0.9900000000000002,0.9900000000000002,0.9652616193704154,0.9421428571428568,0.9168636363636362,50.99152542372882,3.7246220663967002,16,11,26
0.9900000000000002,0.9900000000000002,0.957865101117227,0.9421428571428568,0.8667482517482513,50.771186440677965,4.1729780792601385,13,12,26
0.9900000000000002,0.9900000000000002,0.9820338897159231,1.0,0.9504523809523809,50.99152542372882,4.103524245377926,14,12,26
0.9900000000000002,0.9900000000000002,0.9625564215332161,0.9440714285714283,0.8951165775401067,51.80508474576271,3.8953655092231427,15,12,26
0.9900000000000002,0.9900000000000002,0.9651566735690029,0.9459999999999997,0.9099523809523807,52.96610169491525,4.0378132263237605,16,12,26
0.9900000000000002,0.9900000000000002,0.9586434407533726,0.9099999999999995,0.9228571428571425,51.91525423728814,3.627989757582856,13,13,26
0.9900000000000002,0.9900000000000002,0.9717696506800355,0.9459999999999997,0.9573684210526313,52.932203389830505,4.114317319979103,14,13,26
0.9900000000000002,0.9900000000000002,0.9579220178261845,0.9047058823529407,0.926363636363636,52.110169491525426,3.5743528472098784,15,13,26
0.9900000000000002,0.9900000000000002,0.9732205064469832,1.0,0.8795551587301582,51.779661016949156,3.028496279607912,16,13,26
0.9900000000000002,0.9900000000000002,0.9590028866125008,0.9421428571428568,0.8742857142857139,53.40677966101695,3.8515620606947167,13,14,26
0.9900000000000002,0.9900000000000002,0.9582856558686688,0.9099999999999995,0.9205175983436851,54.144067796610166,3.157652592307884,14,14,26
0.9900000000000002,0.9900000000000002,0.9613763814873408,0.9324999999999997,0.905626170168504,53.50847457627118,3.574262428861455,15,14,26
0.9900000000000002,0.9900000000000002,0.9623101130621632,0.9421428571428568,0.8965384615384613,53.32203389830509,3.8814669512654825,16,14,26
0.9900000000000002,0.9900000000000002,0.9552443465923738,0.895816993464052,0.9228571428571425,54.46610169491525,2.904357344212052,13,15,26
0.9900000000000002,0.9900000000000002,0.9440714674372512,0.8762678571428568,0.8842857142857137,54.0,3.306388269672893,14,15,26
0.9900000000000002,0.9900000000000002,0.95596490130883,0.9459999999999997,0.8480112044817921,54.8728813559322,3.0015436993560374,15,15,26
0.9500000000000002,0.9900000000000002,0.9514985791503127,0.9909090909090903,0.8907749999999997,54.16949152542373,2.750362332819548,16,15,26
0.9900000000000002,0.9900000000000002,0.9564978586083415,0.9243749999999998,0.8862782608695651,50.69491525423729,4.1487357162954615,13,10,27
0.9900000000000002,0.9900000000000002,0.9653265445669017,0.9421428571428568,0.9173160173160171,49.44915254237288,4.4921729625965385,14,10,27
0.9900000000000002,0.9900000000000002,0.9661190575482415,0.9421428571428568,0.9228571428571425,50.74576271186441,4.192783228111326,15,10,27
0.9500000000000002,0.9900000000000002,0.9533569994812648,0.9911764705882347,0.9056892230576439,48.88135593220339,5.511420333602877,16,10,27
0.9500000000000002,0.9900000000000002,0.958019390381188,0.9923076923076918,0.9440714285714283,50.97457627118644,4.028419937560538,13,11,27
0.9900000000000002,0.9900000000000002,0.9698035223685707,0.9421428571428568,0.9491075514874141,51.38135593220339,4.290153273555666,14,11,27
0.9900000000000002,0.9900000000000002,0.9638201080854061,0.9099999999999995,0.9573684210526313,50.601694915254235,4.266820811696537,15,11,27
0.9500000000000002,0.9900000000000002,0.9590439521713718,0.9916666666666661,0.9544272445820432,50.516949152542374,4.473524850789909,16,11,27
0.9500000000000002,0.9900000000000002,0.9482614147993617,0.9916666666666661,0.8634688995215306,51.96610169491525,4.042008653597842,13,12,27
0.9900000000000002,0.9900000000000002,0.9811875027881941,1.0,0.9433053221288514,51.59322033898305,4.676369169822639,14,12,27
0.9500000000000002,0.9900000000000002,0.944658412868282,0.9911764705882347,0.8364642857142851,52.110169491525426,3.4266747688207326,15,12,27
0.9900000000000002,0.9900000000000002,0.9601668455485102,0.9459999999999997,0.8758241758241754,51.91525423728814,3.8479055962609423,16,12,27
0.9900000000000002,0.9900000000000002,0.9612199910541973,0.9099999999999995,0.9398749999999999,53.271186440677965,3.4973622431991696,13,13,27
0.9900000000000002,0.9900000000000002,0.9598193930917076,0.9302678571428571,0.8987499999999995,53.46610169491525,4.0540463222413345,14,13,27
0.9900000000000002,0.9900000000000002,0.9751378289816227,1.0,0.8943749999999996,52.59322033898305,3.390508406793217,15,13,27
0.9500000000000002,0.9900000000000002,0.9463870916477406,0.9937499999999996,0.8451838235294112,53.92372881355932,3.5034045902618907,16,13,27
0.9900000000000002,0.9900000000000002,0.9610490002862928,0.9337936507936507,0.901363636363636,54.29661016949152,3.4599630693480696,13,14,27
0.9900000000000002,0.9900000000000002,0.9697812337108336,0.9440714285714283,0.9458863636363634,52.78813559322034,4.095991622482276,14,14,27
0.9500000000000002,0.9900000000000002,0.9451555494506776,0.9923076923076918,0.8382604395604389,53.86440677966102,3.5004001084556133,15,14,27
0.9900000000000002,0.9900000000000002,0.9628745033110658,0.9226818181818178,0.9312499999999997,54.355932203389834,3.366146073068448,16,14,27
0.9900000000000002,0.9900000000000002,0.9526242271164496,0.8961344537815122,0.9058187134502922,52.898305084745765,3.744803926682434,13,15,27
0.9900000000000002,0.9900000000000002,0.9617546609170455,0.9440714285714283,0.8896590909090906,54.152542372881356,3.090793103867744,14,15,27
0.9900000000000002,0.9900000000000002,0.9646817778406336,0.926363636363636,0.937830200501253,53.99152542372882,2.8118868829620394,15,15,27
0.9900000000000002,0.9900000000000002,0.9645080222348528,0.9350961538461535,0.9228571428571425,53.91525423728814,2.862902021762334,16,15,27
0.9900000000000002,0.9900000000000002,0.9668965690959499,0.9237037037037034,0.9573684210526313,47.440677966101696,4.126274580447031,13,10,28
0.9900000000000002,0.9900000000000002,0.9776910433223256,1.0,0.9145962732919253,49.94915254237288,4.043927143191713,14,10,28
0.9500000000000002,0.9900000000000002,0.953591635149031,0.9928571428571424,0.904736842105263,47.0,4.836303392930863,15,10,28
0.9900000000000002,0.9900000000000002,0.9617133217444367,0.926363636363636,0.9176136363636361,49.59322033898305,5.112691566400779,16,10,28
0.9900000000000002,0.9900000000000002,0.9592955874267373,0.9493749999999997,0.8645052631578942,50.05084745762712,4.589685299257712,13,11,28
0.9900000000000002,0.9900000000000002,0.9663692594717723,0.9459999999999997,0.9184469696969695,50.20338983050848,3.8916671562213327,14,11,28
0.9900000000000002,0.9900000000000002,0.9669940821392193,0.9459999999999997,0.9228571428571425,50.66949152542373,3.5844652693082875,15,11,28
0.9900000000000002,0.9900000000000002,0.9669940821392193,0.9459999999999997,0.9228571428571425,50.53389830508475,3.7635229695327377,16,11,28
0.9900000000000002,0.9900000000000002,0.9576590403480061,0.9459999999999997,0.859130434782608,51.898305084745765,3.6438707081113306,13,12,28
0.9900000000000002,0.9900000000000002,0.97807976815326,1.0,0.9177272727272725,51.76271186440678,3.6654085399086838,14,12,28
0.9900000000000002,0.9900000000000002,0.9690719032735853,0.9459999999999997,0.9376923076923074,51.932203389830505,4.208000478425493,15,12,28
0.9900000000000002,0.9900000000000002,0.9830913083400563,1.0,0.9594999999999998,51.516949152542374,4.271968249674628,16,12,28
0.9900000000000002,0.9900000000000002,0.958053113459137,0.9099999999999995,0.9189999999999996,53.17796610169491,3.174664952112732,13,13,28
0.9900000000000002,0.9900000000000002,0.9592031260268296,0.9276923076923076,0.8987499999999995,53.313559322033896,4.062434672314113,14,13,28
0.9900000000000002,0.9900000000000002,0.9572333453550469,0.9018181818181815,0.926363636363636,51.771186440677965,3.724429240652815,15,13,28
0.9900000000000002,0.9900000000000002,0.9715603058155324,0.9459999999999997,0.9558238095238094,52.57627118644068,4.2534268928991334,16,13,28
0.9900000000000002,0.9900000000000002,0.9615623502106483,0.9359999999999999,0.9013043478260867,54.29661016949152,3.4599630693480696,13,14,28
0.9900000000000002,0.9900000000000002,0.9407952134854308,0.8950567595459233,0.8357142857142852,53.63559322033898,3.4706157667814517,14,14,28
0.9900000000000002,0.9900000000000002,0.9456715178373685,0.8883578431372546,0.8751948051948047,52.94915254237288,3.3694727687640817,15,14,28
0.9700000000000002,0.9900000000000002,0.9417665216617634,0.9185714285714282,0.866495726495726,53.45762711864407,3.545453206182629,16,14,28
0.9900000000000002,0.9900000000000002,0.9746017244220848,1.0,0.8902010489510487,54.610169491525426,2.9199312108947657,13,15,28
0.9900000000000002,0.9900000000000002,0.9603072161672417,0.937944139194139,0.8897499999999997,54.67796610169491,2.7149347026270942,14,15,28
0.9800000000000002,0.9900000000000002,0.9588025721345046,0.9224999999999995,0.9396842105263157,54.186440677966104,3.1781807837092155,15,15,28
0.9900000000000002,0.9900000000000002,0.9669940821392193,0.9459999999999997,0.9228571428571425,54.40677966101695,2.555277981281141,16,15,28
0.9900000000000002,0.9900000000000002,0.9619429976709362,0.9147368421052627,0.9373636363636363,50.00847457627118,5.058129490658468,13,10,29
0.9900000000000002,0.9900000000000002,0.9615101757890117,0.9178787878787876,0.9295652173913039,50.04237288135593,5.247104234147664,14,10,29
0.9900000000000002,0.9900000000000002,0.9456765077684526,0.8642081447963796,0.912190476190476,49.82203389830509,3.722654775173504,15,10,29
0.9500000000000002,0.9900000000000002,0.9470063125655174,0.969444444444444,0.8919999999999995,49.3728813559322,3.9548224373980827,16,10,29
0.9900000000000002,0.9900000000000002,0.9538444817701134,0.8876249999999996,0.9265636363636363,50.20338983050848,4.36775418775397,13,11,29
0.9900000000000002,0.9900000000000002,0.9673266123905797,0.9459999999999997,0.9252136363636362,49.78813559322034,4.254313254774509,14,11,29
0.9900000000000002,0.9900000000000002,0.962993968056183,0.9459999999999997,0.8950029411764703,49.889830508474574,4.181849194212654,15,11,29
0.9900000000000002,0.9900000000000002,0.9664170376701129,0.9421428571428568,0.9249498327759195,51.04237288135593,4.209340034016786,16,11,29
0.9500000000000002,0.9900000000000002,0.9486639717963207,0.9711116734143046,0.902083333333333,51.889830508474574,3.9654950282064716,13,12,29
0.9900000000000002,0.9900000000000002,0.987627118644068,1.0,1.0,51.940677966101696,4.067840748348107,14,12,29
0.9900000000000002,0.9900000000000002,0.9828436072628441,1.0,0.9573684210526313,51.483050847457626,4.593165613533518,15,12,29
0.9900000000000002,0.9900000000000002,0.9828436072628441,1.0,0.9573684210526313,51.516949152542374,4.271968249674628,16,12,29
0.9900000000000002,0.9900000000000002,0.9719057127749543,0.9440714285714283,0.9614285714285712,52.686440677966104,4.03102197695377,13,13,29
0.9900000000000002,0.9900000000000002,0.971708088495811,0.9459999999999997,0.9569138755980859,52.42372881355932,4.287164089052099,14,13,29
0.9900000000000002,0.9900000000000002,0.9720578607996503,0.9459999999999997,0.9594999999999998,52.46610169491525,4.293633843596643,15,13,29
0.9900000000000002,0.9900000000000002,0.9699267229519306,0.9421428571428568,0.95,53.347457627118644,3.6600850194905927,16,13,29
0.9800000000000002,0.9900000000000002,0.9588479853371331,0.9224999999999995,0.9399999999999997,53.644067796610166,2.9702634241701427,13,14,29
0.9900000000000002,0.9900000000000002,0.9513013571610338,0.8982041316526608,0.894347826086956,53.779661016949156,3.4960888394355885,14,14,29
0.9500000000000002,0.9900000000000002,0.9510017500842546,0.9923076923076918,0.8842857142857137,54.432203389830505,3.057302493196211,15,14,29
0.9900000000000002,0.9900000000000002,0.9431023409926725,0.8879999999999997,0.8603999999999995,53.44915254237288,3.195859232032618,16,14,29
0.9900000000000002,0.9900000000000002,0.9731466159813458,1.0,0.8789898989898987,54.152542372881356,2.7911091247942315,13,15,29
0.9900000000000002,0.9900000000000002,0.9602972792994483,0.9378333333333332,0.8898611111111108,54.67796610169491,2.7149347026270942,14,15,29
0.9900000000000002,0.9900000000000002,0.9654636288140286,0.9440714285714283,0.9151871657754009,53.601694915254235,2.7126190687245497,15,15,29
0.9900000000000002,0.9900000000000002,0.9564855972017748,0.9189999999999996,0.8947058823529409,54.54237288135593,3.190675152496115,16,15,29
